datetime,count
2011-01-20 00:00:00,69.03455
2011-01-20 01:00:00,76.45113
2011-01-20 02:00:00,76.45113
2011-01-20 03:00:00,76.67261
2011-01-20 04:00:00,76.67261
2011-01-20 05:00:00,69.11271
2011-01-20 06:00:00,66.185776
2011-01-20 07:00:00,69.74668
2011-01-20 08:00:00,68.935295
2011-01-20 09:00:00,80.21772
2011-01-20 10:00:00,80.90917
2011-01-20 11:00:00,101.375404
2011-01-20 12:00:00,116.814445
2011-01-20 13:00:00,102.45197
2011-01-20 14:00:00,110.88731
2011-01-20 15:00:00,121.11196
2011-01-20 16:00:00,101.14657
2011-01-20 17:00:00,103.6657
2011-01-20 18:00:00,82.22355
2011-01-20 19:00:00,72.52269
2011-01-20 20:00:00,75.75529
2011-01-20 21:00:00,71.95235
2011-01-20 22:00:00,66.90537
2011-01-20 23:00:00,66.28704
2011-01-21 00:00:00,68.56863
2011-01-21 01:00:00,68.56863
2011-01-21 02:00:00,74.08547
2011-01-21 03:00:00,65.03142
2011-01-21 04:00:00,72.14791
2011-01-21 05:00:00,59.800953
2011-01-21 06:00:00,69.311226
2011-01-21 07:00:00,64.93922
2011-01-21 08:00:00,63.941177
2011-01-21 09:00:00,60.83673
2011-01-21 10:00:00,56.56778
2011-01-21 11:00:00,63.85049
2011-01-21 12:00:00,51.49649
2011-01-21 13:00:00,40.53935
2011-01-21 14:00:00,49.497276
2011-01-21 15:00:00,48.64057
2011-01-21 16:00:00,60.688957
2011-01-21 17:00:00,57.070343
2011-01-21 18:00:00,62.175644
2011-01-21 19:00:00,54.173584
2011-01-21 20:00:00,42.48468
2011-01-21 21:00:00,44.944122
2011-01-21 22:00:00,32.884422
2011-01-21 23:00:00,37.076153
2011-01-22 00:00:00,33.44248
2011-01-22 01:00:00,28.032038
2011-01-22 02:00:00,34.85916
2011-01-22 03:00:00,33.4793
2011-01-22 04:00:00,31.251997
2011-01-22 06:00:00,34.96357
2011-01-22 07:00:00,30.778639
2011-01-22 08:00:00,28.4552
2011-01-22 09:00:00,33.650898
2011-01-22 10:00:00,44.427383
2011-01-22 11:00:00,49.13612
2011-01-22 12:00:00,53.26847
2011-01-22 13:00:00,61.31706
2011-01-22 14:00:00,61.603043
2011-01-22 15:00:00,71.402824
2011-01-22 16:00:00,66.65725
2011-01-22 17:00:00,87.0809
2011-01-22 18:00:00,48.728218
2011-01-22 19:00:00,52.694973
2011-01-22 20:00:00,44.231884
2011-01-22 21:00:00,50.144157
2011-01-22 22:00:00,54.443005
2011-01-22 23:00:00,45.583267
2011-01-23 00:00:00,45.583267
2011-01-23 01:00:00,45.583267
2011-01-23 02:00:00,43.937542
2011-01-23 03:00:00,43.937542
2011-01-23 05:00:00,47.661736
2011-01-23 06:00:00,47.661736
2011-01-23 07:00:00,47.50695
2011-01-23 08:00:00,43.87131
2011-01-23 09:00:00,35.256287
2011-01-23 10:00:00,42.027885
2011-01-23 11:00:00,55.205406
2011-01-23 12:00:00,48.76245
2011-01-23 13:00:00,48.821785
2011-01-23 14:00:00,59.59355
2011-01-23 15:00:00,59.59355
2011-01-23 16:00:00,63.45177
2011-01-23 17:00:00,48.88697
2011-01-23 18:00:00,56.37243
2011-01-23 19:00:00,54.609447
2011-01-23 20:00:00,49.075157
2011-01-23 21:00:00,52.06698
2011-01-23 22:00:00,47.79272
2011-01-23 23:00:00,40.256516
2011-01-24 00:00:00,47.233223
2011-01-24 01:00:00,44.658516
2011-01-24 03:00:00,37.70601
2011-01-24 04:00:00,48.88292
2011-01-24 05:00:00,48.88292
2011-01-24 06:00:00,52.115158
2011-01-24 07:00:00,57.928925
2011-01-24 08:00:00,59.560043
2011-01-24 09:00:00,62.45854
2011-01-24 10:00:00,62.129894
2011-01-24 11:00:00,57.35526
2011-01-24 12:00:00,62.625347
2011-01-24 13:00:00,61.717796
2011-01-24 14:00:00,60.16751
2011-01-24 15:00:00,71.69907
2011-01-24 16:00:00,60.39425
2011-01-24 17:00:00,53.92018
2011-01-24 18:00:00,57.6221
2011-01-24 19:00:00,59.73089
2011-01-24 20:00:00,57.6221
2011-01-24 21:00:00,59.359825
2011-01-24 22:00:00,56.98246
2011-01-24 23:00:00,57.478172
2011-01-25 00:00:00,54.45936
2011-01-25 01:00:00,63.205074
2011-01-25 02:00:00,58.596336
2011-01-25 04:00:00,60.875862
2011-01-25 05:00:00,56.55501
2011-01-25 06:00:00,62.59458
2011-01-25 07:00:00,58.64331
2011-01-25 08:00:00,64.34719
2011-01-25 09:00:00,70.74595
2011-01-25 10:00:00,73.27123
2011-01-25 11:00:00,74.053734
2011-01-25 12:00:00,86.7483
2011-01-25 13:00:00,83.87841
2011-01-25 14:00:00,105.53478
2011-01-25 15:00:00,122.84315
2011-01-25 16:00:00,122.84315
2011-01-25 17:00:00,94.9188
2011-01-25 18:00:00,102.61901
2011-01-25 19:00:00,74.607704
2011-01-25 20:00:00,68.232796
2011-01-25 21:00:00,68.232796
2011-01-25 22:00:00,68.01345
2011-01-25 23:00:00,70.40949
2011-01-26 00:00:00,70.425514
2011-01-26 01:00:00,72.8229
2011-01-26 02:00:00,72.07229
2011-01-26 05:00:00,63.16132
2011-01-26 06:00:00,63.16132
2011-01-26 07:00:00,65.33623
2011-01-26 08:00:00,65.33623
2011-01-26 09:00:00,65.33623
2011-01-26 10:00:00,66.84688
2011-01-26 11:00:00,62.68589
2011-01-26 12:00:00,62.68589
2011-01-26 13:00:00,62.68589
2011-01-26 14:00:00,60.329964
2011-01-26 15:00:00,50.35108
2011-01-26 16:00:00,64.15901
2011-01-26 17:00:00,57.867767
2011-01-27 16:00:00,70.82422
2011-01-27 17:00:00,72.26681
2011-01-27 18:00:00,67.81282
2011-01-27 19:00:00,67.81282
2011-01-27 20:00:00,65.69999
2011-01-27 21:00:00,65.69999
2011-01-27 22:00:00,65.69999
2011-01-27 23:00:00,63.13504
2011-01-28 00:00:00,67.99039
2011-01-28 01:00:00,67.99039
2011-01-28 02:00:00,67.661705
2011-01-28 03:00:00,69.48426
2011-01-28 05:00:00,67.49031
2011-01-28 06:00:00,65.860756
2011-01-28 07:00:00,65.86249
2011-01-28 08:00:00,65.86249
2011-01-28 09:00:00,69.787415
2011-01-28 10:00:00,69.51189
2011-01-28 11:00:00,69.304596
2011-01-28 12:00:00,69.304596
2011-01-28 13:00:00,69.304596
2011-01-28 14:00:00,78.02569
2011-01-28 15:00:00,73.41889
2011-01-28 16:00:00,73.275475
2011-01-28 17:00:00,69.2853
2011-01-28 18:00:00,67.50236
2011-01-28 19:00:00,71.79485
2011-01-28 20:00:00,70.3157
2011-01-28 21:00:00,69.85226
2011-01-28 22:00:00,63.52346
2011-01-28 23:00:00,69.11271
2011-01-29 00:00:00,56.04659
2011-01-29 01:00:00,61.634052
2011-01-29 02:00:00,61.89052
2011-01-29 03:00:00,60.345463
2011-01-29 04:00:00,56.673065
2011-01-29 06:00:00,56.631447
2011-01-29 07:00:00,57.302048
2011-01-29 08:00:00,59.182297
2011-01-29 09:00:00,60.55093
2011-01-29 10:00:00,62.366554
2011-01-29 11:00:00,60.895233
2011-01-29 12:00:00,61.590332
2011-01-29 13:00:00,67.555725
2011-01-29 14:00:00,65.287834
2011-01-29 15:00:00,59.209877
2011-01-29 16:00:00,64.70753
2011-01-29 17:00:00,71.23307
2011-01-29 18:00:00,61.850357
2011-01-29 19:00:00,60.733894
2011-01-29 20:00:00,59.643288
2011-01-29 21:00:00,59.643288
2011-01-29 22:00:00,57.76847
2011-01-29 23:00:00,57.76847
2011-01-30 00:00:00,56.3381
2011-01-30 01:00:00,60.171665
2011-01-30 02:00:00,61.724052
2011-01-30 03:00:00,62.00695
2011-01-30 04:00:00,62.00695
2011-01-30 05:00:00,60.979088
2011-01-30 07:00:00,60.979088
2011-01-30 08:00:00,62.505302
2011-01-30 09:00:00,63.896046
2011-01-30 10:00:00,65.614006
2011-01-30 11:00:00,67.25275
2011-01-30 12:00:00,88.28814
2011-01-30 13:00:00,71.86407
2011-01-30 14:00:00,73.90406
2011-01-30 15:00:00,80.68639
2011-01-30 16:00:00,80.68639
2011-01-30 17:00:00,80.594696
2011-01-30 18:00:00,65.632835
2011-01-30 19:00:00,65.720085
2011-01-30 20:00:00,70.16724
2011-01-30 21:00:00,65.72596
2011-01-30 22:00:00,64.22152
2011-01-30 23:00:00,61.95473
2011-01-31 00:00:00,70.11179
2011-01-31 01:00:00,64.631676
2011-01-31 02:00:00,67.38464
2011-01-31 03:00:00,67.38464
2011-01-31 04:00:00,64.02321
2011-01-31 05:00:00,56.727867
2011-01-31 06:00:00,50.21613
2011-01-31 07:00:00,54.687374
2011-01-31 08:00:00,55.15806
2011-01-31 09:00:00,54.076145
2011-01-31 10:00:00,61.35041
2011-01-31 11:00:00,61.35041
2011-01-31 12:00:00,70.00405
2011-01-31 13:00:00,71.78361
2011-01-31 14:00:00,68.09452
2011-01-31 15:00:00,65.525085
2011-01-31 16:00:00,63.94413
2011-01-31 17:00:00,61.35041
2011-01-31 18:00:00,59.864605
2011-01-31 19:00:00,85.80508
2011-01-31 20:00:00,66.521164
2011-01-31 21:00:00,70.02405
2011-01-31 22:00:00,66.02227
2011-01-31 23:00:00,66.82747
2011-02-20 00:00:00,76.76867
2011-02-20 01:00:00,65.54869
2011-02-20 02:00:00,61.63853
2011-02-20 03:00:00,57.600266
2011-02-20 04:00:00,57.600266
2011-02-20 06:00:00,61.421722
2011-02-20 07:00:00,57.246727
2011-02-20 08:00:00,64.48843
2011-02-20 09:00:00,70.14472
2011-02-20 10:00:00,97.69275
2011-02-20 11:00:00,147.37468
2011-02-20 12:00:00,139.50702
2011-02-20 13:00:00,150.71048
2011-02-20 14:00:00,197.52417
2011-02-20 15:00:00,189.28294
2011-02-20 16:00:00,181.23903
2011-02-20 17:00:00,169.11104
2011-02-20 18:00:00,153.32063
2011-02-20 19:00:00,153.32063
2011-02-20 20:00:00,118.71093
2011-02-20 21:00:00,90.78445
2011-02-20 22:00:00,90.41659
2011-02-20 23:00:00,81.15916
2011-02-21 00:00:00,117.61387
2011-02-21 01:00:00,117.61387
2011-02-21 02:00:00,117.61387
2011-02-21 03:00:00,120.80117
2011-02-21 04:00:00,106.68056
2011-02-21 05:00:00,159.271
2011-02-21 06:00:00,248.42749
2011-02-21 07:00:00,255.0802
2011-02-21 08:00:00,93.45377
2011-02-21 09:00:00,93.65481
2011-02-21 10:00:00,94.01679
2011-02-21 11:00:00,94.27754
2011-02-21 12:00:00,82.84402
2011-02-21 13:00:00,68.7243
2011-02-21 14:00:00,73.9082
2011-02-21 15:00:00,69.15833
2011-02-21 16:00:00,63.23166
2011-02-21 17:00:00,65.68412
2011-02-21 18:00:00,54.48939
2011-02-21 19:00:00,54.48939
2011-02-21 20:00:00,55.832977
2011-02-21 21:00:00,50.675102
2011-02-21 22:00:00,47.10679
2011-02-21 23:00:00,47.10679
2011-02-22 06:00:00,51.846596
2011-02-22 07:00:00,51.846596
2011-02-22 08:00:00,53.87312
2011-02-22 09:00:00,54.800655
2011-02-22 10:00:00,65.05126
2011-02-22 11:00:00,68.93838
2011-02-22 12:00:00,68.522736
2011-02-22 13:00:00,70.326775
2011-02-22 14:00:00,70.82422
2011-02-22 15:00:00,80.19823
2011-02-22 16:00:00,73.7025
2011-02-22 17:00:00,73.522804
2011-02-22 18:00:00,77.48464
2011-02-22 19:00:00,67.19191
2011-02-22 20:00:00,72.89977
2011-02-22 21:00:00,72.41481
2011-02-22 22:00:00,62.368706
2011-02-22 23:00:00,62.368706
2011-02-23 00:00:00,57.365242
2011-02-23 01:00:00,61.528305
2011-02-23 02:00:00,59.953896
2011-02-23 03:00:00,58.13626
2011-02-23 05:00:00,60.63837
2011-02-23 06:00:00,60.63837
2011-02-23 07:00:00,59.68312
2011-02-23 08:00:00,59.73089
2011-02-23 09:00:00,68.43568
2011-02-23 10:00:00,82.94366
2011-02-23 11:00:00,92.73675
2011-02-23 12:00:00,122.91631
2011-02-23 13:00:00,157.29352
2011-02-23 14:00:00,162.19742
2011-02-23 15:00:00,178.74246
2011-02-23 16:00:00,167.19705
2011-02-23 17:00:00,178.74246
2011-02-23 18:00:00,169.90659
2011-02-23 19:00:00,130.98953
2011-02-23 20:00:00,70.76416
2011-02-23 21:00:00,82.78659
2011-02-23 22:00:00,82.78659
2011-02-23 23:00:00,74.358376
2011-02-24 00:00:00,74.358376
2011-02-24 01:00:00,71.91871
2011-02-24 02:00:00,68.2003
2011-02-24 03:00:00,66.43861
2011-02-24 05:00:00,65.985825
2011-02-24 06:00:00,64.19925
2011-02-24 07:00:00,63.985386
2011-02-24 08:00:00,67.41746
2011-02-24 09:00:00,64.51006
2011-02-24 10:00:00,69.878914
2011-02-24 11:00:00,87.96105
2011-02-24 12:00:00,110.86237
2011-02-24 13:00:00,131.38246
2011-02-24 14:00:00,153.14441
2011-02-24 15:00:00,137.80061
2011-02-24 16:00:00,120.282005
2011-02-24 17:00:00,101.60345
2011-02-24 18:00:00,76.26528
2011-02-24 19:00:00,79.26375
2011-02-24 20:00:00,74.54206
2011-02-24 21:00:00,76.26528
2011-02-24 22:00:00,80.62178
2011-02-24 23:00:00,76.93215
2011-02-25 00:00:00,86.56394
2011-02-25 01:00:00,83.72087
2011-02-25 02:00:00,83.72087
2011-02-25 03:00:00,80.69099
2011-02-25 05:00:00,80.69099
2011-02-25 06:00:00,85.32314
2011-02-25 07:00:00,82.86286
2011-02-25 08:00:00,85.50006
2011-02-25 09:00:00,76.09496
2011-02-25 10:00:00,93.47134
2011-02-25 11:00:00,136.55704
2011-02-25 12:00:00,182.3324
2011-02-25 13:00:00,182.3324
2011-02-25 14:00:00,184.63345
2011-02-25 15:00:00,101.90981
2011-02-25 16:00:00,90.84465
2011-02-25 17:00:00,67.82674
2011-02-25 18:00:00,88.86935
2011-02-25 19:00:00,82.52313
2011-02-25 20:00:00,74.44549
2011-02-25 21:00:00,84.34289
2011-02-25 22:00:00,68.893074
2011-02-25 23:00:00,78.526535
2011-02-26 00:00:00,68.70539
2011-02-26 01:00:00,67.60705
2011-02-26 02:00:00,57.81044
2011-02-26 03:00:00,63.760124
2011-02-26 04:00:00,68.21695
2011-02-26 05:00:00,66.30983
2011-02-26 06:00:00,68.77781
2011-02-26 07:00:00,65.53706
2011-02-26 08:00:00,74.33422
2011-02-26 09:00:00,75.14733
2011-02-26 10:00:00,95.41805
2011-02-26 11:00:00,88.49079
2011-02-26 12:00:00,108.71136
2011-02-26 13:00:00,128.76985
2011-02-26 14:00:00,133.92351
2011-02-26 15:00:00,142.51984
2011-02-26 16:00:00,121.02727
2011-02-26 17:00:00,131.0712
2011-02-26 18:00:00,110.320076
2011-02-26 19:00:00,100.43612
2011-02-26 20:00:00,82.156746
2011-02-26 21:00:00,69.574196
2011-02-26 22:00:00,66.091545
2011-02-26 23:00:00,64.239
2011-02-27 00:00:00,61.35176
2011-02-27 01:00:00,63.732845
2011-02-27 02:00:00,65.52899
2011-02-27 03:00:00,67.44526
2011-02-27 04:00:00,62.63285
2011-02-27 06:00:00,68.384056
2011-02-27 07:00:00,62.63285
2011-02-27 08:00:00,70.221275
2011-02-27 09:00:00,69.2087
2011-02-27 10:00:00,69.28686
2011-02-27 11:00:00,88.01922
2011-02-27 12:00:00,109.46969
2011-02-27 13:00:00,112.389626
2011-02-27 14:00:00,142.80563
2011-02-27 15:00:00,175.5484
2011-02-27 16:00:00,190.90715
2011-02-27 17:00:00,126.0556
2011-02-27 18:00:00,119.53316
2011-02-27 19:00:00,115.307076
2011-02-27 20:00:00,109.46969
2011-02-27 21:00:00,100.97994
2011-02-27 22:00:00,102.5382
2011-02-27 23:00:00,94.06361
2011-02-28 00:00:00,98.36968
2011-02-28 01:00:00,76.873146
2011-02-28 03:00:00,81.18254
2011-02-28 05:00:00,86.03945
2011-02-28 06:00:00,82.37379
2011-02-28 07:00:00,84.52975
2011-02-28 08:00:00,76.924934
2011-02-28 09:00:00,95.004326
2011-02-28 10:00:00,143.55818
2011-02-28 11:00:00,171.59439
2011-02-28 12:00:00,171.5944
2011-02-28 13:00:00,100.08671
2011-02-28 14:00:00,91.27851
2011-02-28 15:00:00,91.27851
2011-02-28 16:00:00,93.00756
2011-02-28 17:00:00,88.78919
2011-02-28 18:00:00,100.16268
2011-02-28 19:00:00,96.28068
2011-02-28 20:00:00,96.28068
2011-02-28 21:00:00,88.74331
2011-02-28 22:00:00,73.31696
2011-02-28 23:00:00,73.3084
2011-03-20 00:00:00,96.76304
2011-03-20 01:00:00,90.2322
2011-03-20 02:00:00,91.251564
2011-03-20 03:00:00,79.38639
2011-03-20 04:00:00,72.32691
2011-03-20 05:00:00,67.683014
2011-03-20 06:00:00,68.549255
2011-03-20 07:00:00,63.648388
2011-03-20 08:00:00,74.60001
2011-03-20 09:00:00,86.35044
2011-03-20 10:00:00,99.9013
2011-03-20 11:00:00,131.1111
2011-03-20 12:00:00,135.29529
2011-03-20 13:00:00,154.23378
2011-03-20 14:00:00,180.50217
2011-03-20 15:00:00,190.97108
2011-03-20 16:00:00,179.81488
2011-03-20 17:00:00,201.64536
2011-03-20 18:00:00,158.90485
2011-03-20 19:00:00,130.70679
2011-03-20 20:00:00,121.02727
2011-03-20 21:00:00,103.742256
2011-03-20 22:00:00,99.43284
2011-03-20 23:00:00,87.57204
2011-03-21 00:00:00,105.69899
2011-03-21 01:00:00,97.69965
2011-03-21 02:00:00,98.76282
2011-03-21 03:00:00,98.76282
2011-03-21 05:00:00,82.23004
2011-03-21 06:00:00,93.799675
2011-03-21 07:00:00,79.91257
2011-03-21 08:00:00,77.60783
2011-03-21 09:00:00,88.641365
2011-03-21 10:00:00,115.153725
2011-03-21 11:00:00,129.22717
2011-03-21 12:00:00,123.52151
2011-03-21 13:00:00,172.21237
2011-03-21 14:00:00,186.32779
2011-03-21 15:00:00,207.70905
2011-03-21 16:00:00,188.30603
2011-03-21 17:00:00,186.74678
2011-03-21 18:00:00,149.27213
2011-03-21 19:00:00,224.64984
2011-03-21 20:00:00,179.1799
2011-03-21 21:00:00,102.38126
2011-03-21 22:00:00,108.42332
2011-03-21 23:00:00,108.2626
2011-03-22 00:00:00,108.101845
2011-03-22 01:00:00,94.39628
2011-03-22 02:00:00,98.85134
2011-03-22 03:00:00,110.83747
2011-03-22 04:00:00,110.37174
2011-03-22 05:00:00,100.637474
2011-03-22 06:00:00,96.349236
2011-03-22 07:00:00,111.74897
2011-03-22 08:00:00,153.46259
2011-03-22 09:00:00,143.07666
2011-03-22 10:00:00,183.60548
2011-03-22 11:00:00,188.73882
2011-03-22 12:00:00,209.80954
2011-03-22 13:00:00,229.8092
2011-03-22 14:00:00,252.82141
2011-03-22 15:00:00,240.48683
2011-03-22 16:00:00,218.6154
2011-03-22 17:00:00,218.6154
2011-03-22 18:00:00,202.74524
2011-03-22 19:00:00,183.35812
2011-03-22 20:00:00,183.19716
2011-03-22 21:00:00,175.04945
2011-03-22 22:00:00,150.97849
2011-03-22 23:00:00,150.97849
2011-03-23 00:00:00,110.94494
2011-03-23 01:00:00,97.362755
2011-03-23 02:00:00,97.362755
2011-03-23 03:00:00,92.69921
2011-03-23 05:00:00,87.9177
2011-03-23 06:00:00,85.28897
2011-03-23 07:00:00,83.06978
2011-03-23 08:00:00,85.2447
2011-03-23 09:00:00,84.70086
2011-03-23 10:00:00,88.92428
2011-03-23 11:00:00,87.23852
2011-03-23 12:00:00,85.68006
2011-03-23 13:00:00,91.15855
2011-03-23 14:00:00,91.91684
2011-03-23 15:00:00,101.97324
2011-03-23 16:00:00,114.24586
2011-03-23 17:00:00,114.24586
2011-03-23 18:00:00,107.85209
2011-03-23 19:00:00,107.85209
2011-03-23 20:00:00,78.08828
2011-03-23 21:00:00,77.90202
2011-03-23 22:00:00,85.04403
2011-03-23 23:00:00,92.464455
2011-03-24 00:00:00,83.06978
2011-03-24 01:00:00,80.674164
2011-03-24 02:00:00,80.34797
2011-03-24 03:00:00,79.135704
2011-03-24 04:00:00,79.135704
2011-03-24 05:00:00,79.29533
2011-03-24 06:00:00,79.29533
2011-03-24 07:00:00,79.38609
2011-03-24 08:00:00,76.54382
2011-03-24 09:00:00,77.43516
2011-03-24 10:00:00,72.400185
2011-03-24 11:00:00,80.78498
2011-03-24 12:00:00,90.210754
2011-03-24 13:00:00,94.688484
2011-03-24 14:00:00,91.41262
2011-03-24 15:00:00,91.8843
2011-03-24 16:00:00,97.00528
2011-03-24 17:00:00,90.29864
2011-03-24 18:00:00,101.155754
2011-03-24 19:00:00,98.99258
2011-03-24 20:00:00,92.746925
2011-03-24 21:00:00,83.79208
2011-03-24 22:00:00,81.38119
2011-03-24 23:00:00,76.150795
2011-03-25 00:00:00,81.59499
2011-03-25 01:00:00,72.45068
2011-03-25 02:00:00,70.48481
2011-03-25 03:00:00,74.647255
2011-03-25 04:00:00,72.11349
2011-03-25 05:00:00,70.00803
2011-03-25 06:00:00,68.02578
2011-03-25 07:00:00,70.25183
2011-03-25 08:00:00,89.66032
2011-03-25 09:00:00,93.97982
2011-03-25 10:00:00,95.96511
2011-03-25 11:00:00,134.45891
2011-03-25 12:00:00,153.71417
2011-03-25 13:00:00,170.73862
2011-03-25 14:00:00,191.36229
2011-03-25 15:00:00,193.7273
2011-03-25 16:00:00,184.56987
2011-03-25 17:00:00,153.40729
2011-03-25 18:00:00,156.21208
2011-03-25 19:00:00,165.76343
2011-03-25 20:00:00,175.96661
2011-03-25 21:00:00,173.66241
2011-03-25 22:00:00,137.23479
2011-03-25 23:00:00,135.88657
2011-03-26 00:00:00,128.86055
2011-03-26 01:00:00,116.478485
2011-03-26 02:00:00,94.92121
2011-03-26 03:00:00,84.37486
2011-03-26 04:00:00,94.9212
2011-03-26 05:00:00,77.952194
2011-03-26 06:00:00,69.1046
2011-03-26 07:00:00,77.9522
2011-03-26 08:00:00,94.836525
2011-03-26 09:00:00,112.10174
2011-03-26 10:00:00,120.781105
2011-03-26 11:00:00,143.21146
2011-03-26 12:00:00,160.6355
2011-03-26 13:00:00,180.72314
2011-03-26 14:00:00,210.91202
2011-03-26 15:00:00,216.80524
2011-03-26 16:00:00,244.85175
2011-03-26 17:00:00,223.2634
2011-03-26 18:00:00,256.18436
2011-03-26 19:00:00,124.40969
2011-03-26 20:00:00,124.40969
2011-03-26 21:00:00,120.88359
2011-03-26 22:00:00,140.74075
2011-03-26 23:00:00,111.70361
2011-03-27 00:00:00,131.93764
2011-03-27 01:00:00,92.21947
2011-03-27 02:00:00,91.09547
2011-03-27 03:00:00,70.59758
2011-03-27 04:00:00,69.20147
2011-03-27 06:00:00,66.434135
2011-03-27 07:00:00,65.11624
2011-03-27 08:00:00,65.01361
2011-03-27 09:00:00,76.52627
2011-03-27 10:00:00,83.04858
2011-03-27 11:00:00,100.13532
2011-03-27 12:00:00,121.16844
2011-03-27 13:00:00,147.57574
2011-03-27 14:00:00,174.5929
2011-03-27 15:00:00,163.66022
2011-03-27 16:00:00,178.69836
2011-03-27 17:00:00,188.12315
2011-03-27 18:00:00,172.73355
2011-03-27 19:00:00,180.08513
2011-03-27 20:00:00,152.71411
2011-03-27 21:00:00,120.781105
2011-03-27 22:00:00,120.781105
2011-03-27 23:00:00,111.02796
2011-03-28 00:00:00,86.41067
2011-03-28 01:00:00,106.33274
2011-03-28 02:00:00,104.902275
2011-03-28 03:00:00,104.902275
2011-03-28 05:00:00,91.86408
2011-03-28 06:00:00,101.22021
2011-03-28 07:00:00,107.41151
2011-03-28 08:00:00,124.05176
2011-03-28 09:00:00,147.98431
2011-03-28 10:00:00,163.68954
2011-03-28 11:00:00,159.42342
2011-03-28 12:00:00,197.93259
2011-03-28 13:00:00,219.65181
2011-03-28 14:00:00,228.76709
2011-03-28 15:00:00,204.83795
2011-03-28 16:00:00,234.99509
2011-03-28 17:00:00,208.03683
2011-03-28 18:00:00,209.0781
2011-03-28 19:00:00,220.18124
2011-03-28 20:00:00,225.78258
2011-03-28 21:00:00,232.29938
2011-03-28 22:00:00,217.6021
2011-03-28 23:00:00,174.59564
2011-03-29 00:00:00,142.93011
2011-03-29 01:00:00,129.49014
2011-03-29 02:00:00,129.49014
2011-03-29 03:00:00,129.49014
2011-03-29 04:00:00,97.704765
2011-03-29 05:00:00,120.10783
2011-03-29 06:00:00,103.62739
2011-03-29 07:00:00,91.63491
2011-03-29 08:00:00,113.11145
2011-03-29 09:00:00,138.15341
2011-03-29 10:00:00,184.93747
2011-03-29 11:00:00,170.96402
2011-03-29 12:00:00,226.7042
2011-03-29 13:00:00,204.17175
2011-03-29 14:00:00,231.92589
2011-03-29 15:00:00,255.4015
2011-03-29 16:00:00,249.018
2011-03-29 17:00:00,249.5589
2011-03-29 18:00:00,232.00366
2011-03-29 19:00:00,237.47575
2011-03-29 20:00:00,232.00366
2011-03-29 21:00:00,153.69447
2011-03-29 22:00:00,129.19365
2011-03-29 23:00:00,115.37284
2011-03-30 00:00:00,109.10415
2011-03-30 01:00:00,158.42332
2011-03-30 02:00:00,109.10415
2011-03-30 03:00:00,138.2879
2011-03-30 04:00:00,109.10415
2011-03-30 05:00:00,108.33285
2011-03-30 06:00:00,131.98232
2011-03-30 07:00:00,160.80731
2011-03-30 08:00:00,140.57089
2011-03-30 09:00:00,153.06256
2011-03-30 10:00:00,157.7868
2011-03-30 11:00:00,157.61978
2011-03-30 12:00:00,163.08862
2011-03-30 13:00:00,170.44525
2011-03-30 14:00:00,163.16014
2011-03-30 15:00:00,80.98647
2011-03-30 16:00:00,82.04359
2011-03-30 17:00:00,82.87552
2011-03-30 18:00:00,77.43516
2011-03-30 19:00:00,77.43516
2011-03-30 20:00:00,73.886345
2011-03-30 21:00:00,74.09353
2011-03-30 22:00:00,77.19693
2011-03-30 23:00:00,74.97375
2011-03-31 00:00:00,77.19693
2011-03-31 01:00:00,77.6813
2011-03-31 02:00:00,77.6813
2011-03-31 03:00:00,77.19693
2011-03-31 04:00:00,76.76525
2011-03-31 05:00:00,77.19693
2011-03-31 06:00:00,73.886345
2011-03-31 07:00:00,76.76525
2011-03-31 08:00:00,73.62893
2011-03-31 09:00:00,78.72016
2011-03-31 10:00:00,78.72016
2011-03-31 11:00:00,82.28371
2011-03-31 12:00:00,82.28371
2011-03-31 13:00:00,86.97036
2011-03-31 14:00:00,86.97036
2011-03-31 15:00:00,82.27699
2011-03-31 16:00:00,81.255585
2011-03-31 17:00:00,81.255585
2011-03-31 18:00:00,84.20348
2011-03-31 19:00:00,84.20348
2011-03-31 20:00:00,80.027824
2011-03-31 21:00:00,79.990685
2011-03-31 22:00:00,81.48231
2011-03-31 23:00:00,80.18746
2011-04-20 00:00:00,103.878914
2011-04-20 01:00:00,95.22053
2011-04-20 02:00:00,95.22053
2011-04-20 03:00:00,96.002754
2011-04-20 04:00:00,92.80666
2011-04-20 05:00:00,92.45283
2011-04-20 06:00:00,95.22053
2011-04-20 07:00:00,97.42478
2011-04-20 08:00:00,222.48537
2011-04-20 09:00:00,252.2851
2011-04-20 10:00:00,172.95642
2011-04-20 11:00:00,172.95642
2011-04-20 12:00:00,338.25787
2011-04-20 13:00:00,338.25787
2011-04-20 14:00:00,376.32654
2011-04-20 15:00:00,377.45673
2011-04-20 16:00:00,377.45673
2011-04-20 17:00:00,380.40463
2011-04-20 18:00:00,364.61917
2011-04-20 19:00:00,332.94788
2011-04-20 20:00:00,294.8404
2011-04-20 21:00:00,328.9837
2011-04-20 22:00:00,310.99496
2011-04-20 23:00:00,327.83127
2011-04-21 00:00:00,281.20746
2011-04-21 01:00:00,237.75009
2011-04-21 02:00:00,249.38388
2011-04-21 03:00:00,187.94122
2011-04-21 04:00:00,173.6768
2011-04-21 05:00:00,153.32169
2011-04-21 06:00:00,132.56702
2011-04-21 07:00:00,178.35535
2011-04-21 08:00:00,159.45625
2011-04-21 09:00:00,200.88351
2011-04-21 10:00:00,201.90701
2011-04-21 11:00:00,223.78198
2011-04-21 12:00:00,227.4808
2011-04-21 13:00:00,277.42938
2011-04-21 14:00:00,276.0683
2011-04-21 15:00:00,285.4482
2011-04-21 16:00:00,303.7323
2011-04-21 17:00:00,267.81793
2011-04-21 18:00:00,299.36053
2011-04-21 19:00:00,285.2785
2011-04-21 20:00:00,243.92413
2011-04-21 21:00:00,191.12009
2011-04-21 22:00:00,205.0603
2011-04-21 23:00:00,184.4025
2011-04-22 00:00:00,111.529305
2011-04-22 01:00:00,130.75797
2011-04-22 02:00:00,133.0973
2011-04-22 03:00:00,133.0973
2011-04-22 04:00:00,125.015945
2011-04-22 05:00:00,122.01133
2011-04-22 06:00:00,125.01595
2011-04-22 07:00:00,133.37833
2011-04-22 08:00:00,132.57306
2011-04-22 09:00:00,116.31364
2011-04-22 10:00:00,116.50771
2011-04-22 11:00:00,111.988
2011-04-22 12:00:00,99.1038
2011-04-22 13:00:00,90.25524
2011-04-22 14:00:00,88.49981
2011-04-22 15:00:00,90.25524
2011-04-22 16:00:00,91.158554
2011-04-22 17:00:00,85.8608
2011-04-22 18:00:00,85.8608
2011-04-22 19:00:00,85.8608
2011-04-22 20:00:00,86.73276
2011-04-22 21:00:00,85.61953
2011-04-22 22:00:00,85.361755
2011-04-22 23:00:00,89.68221
2011-04-23 00:00:00,78.00312
2011-04-23 01:00:00,78.00312
2011-04-23 02:00:00,82.26226
2011-04-23 03:00:00,82.994
2011-04-23 04:00:00,87.87508
2011-04-23 05:00:00,87.87508
2011-04-23 06:00:00,80.189
2011-04-23 07:00:00,82.64994
2011-04-23 08:00:00,79.91984
2011-04-23 09:00:00,87.18591
2011-04-23 10:00:00,97.09518
2011-04-23 11:00:00,106.409546
2011-04-23 12:00:00,136.0007
2011-04-23 13:00:00,133.88193
2011-04-23 14:00:00,154.60179
2011-04-23 15:00:00,186.7161
2011-04-23 16:00:00,177.07278
2011-04-23 17:00:00,181.20569
2011-04-23 18:00:00,143.3447
2011-04-23 19:00:00,136.29732
2011-04-23 20:00:00,126.288765
2011-04-23 21:00:00,140.15146
2011-04-23 22:00:00,150.6018
2011-04-23 23:00:00,122.75417
2011-04-24 00:00:00,122.61196
2011-04-24 01:00:00,109.28687
2011-04-24 02:00:00,109.28687
2011-04-24 03:00:00,103.22538
2011-04-24 04:00:00,103.22538
2011-04-24 05:00:00,103.22538
2011-04-24 06:00:00,101.14658
2011-04-24 07:00:00,101.14658
2011-04-24 08:00:00,107.6934
2011-04-24 09:00:00,127.65793
2011-04-24 10:00:00,147.50531
2011-04-24 11:00:00,205.42107
2011-04-24 12:00:00,239.31769
2011-04-24 13:00:00,285.25305
2011-04-24 14:00:00,309.8223
2011-04-24 15:00:00,248.37016
2011-04-24 16:00:00,356.0067
2011-04-24 17:00:00,236.91046
2011-04-24 18:00:00,184.43987
2011-04-24 19:00:00,154.06367
2011-04-24 20:00:00,154.06367
2011-04-24 21:00:00,121.12878
2011-04-24 22:00:00,114.71444
2011-04-24 23:00:00,115.01557
2011-04-25 00:00:00,112.6908
2011-04-25 01:00:00,113.43699
2011-04-25 02:00:00,113.43699
2011-04-25 03:00:00,109.71852
2011-04-25 04:00:00,107.74777
2011-04-25 05:00:00,102.09362
2011-04-25 06:00:00,105.4192
2011-04-25 07:00:00,114.06086
2011-04-25 08:00:00,125.6396
2011-04-25 09:00:00,138.55328
2011-04-25 10:00:00,186.98755
2011-04-25 11:00:00,186.98755
2011-04-25 12:00:00,197.39374
2011-04-25 13:00:00,241.25963
2011-04-25 14:00:00,290.05957
2011-04-25 15:00:00,302.94257
2011-04-25 16:00:00,310.72784
2011-04-25 17:00:00,298.54382
2011-04-25 18:00:00,289.7392
2011-04-25 19:00:00,276.24506
2011-04-25 20:00:00,252.2851
2011-04-25 21:00:00,206.10645
2011-04-25 22:00:00,185.48595
2011-04-25 23:00:00,152.57198
2011-04-26 00:00:00,210.95203
2011-04-26 01:00:00,187.66364
2011-04-26 02:00:00,143.41748
2011-04-26 03:00:00,128.45201
2011-04-26 04:00:00,138.77809
2011-04-26 05:00:00,127.672806
2011-04-26 06:00:00,131.60574
2011-04-26 07:00:00,146.49367
2011-04-26 08:00:00,146.49368
2011-04-26 09:00:00,202.80939
2011-04-26 10:00:00,229.5858
2011-04-26 11:00:00,256.86194
2011-04-26 12:00:00,283.6176
2011-04-26 13:00:00,344.82834
2011-04-26 14:00:00,298.31104
2011-04-26 15:00:00,282.142
2011-04-26 16:00:00,296.4293
2011-04-26 17:00:00,271.1529
2011-04-26 18:00:00,259.34503
2011-04-26 19:00:00,207.88416
2011-04-26 20:00:00,202.80939
2011-04-26 21:00:00,170.37215
2011-04-26 22:00:00,151.46017
2011-04-26 23:00:00,152.15668
2011-04-27 00:00:00,147.73305
2011-04-27 01:00:00,149.03015
2011-04-27 02:00:00,137.40262
2011-04-27 03:00:00,142.90512
2011-04-27 04:00:00,124.20188
2011-04-27 05:00:00,130.18591
2011-04-27 06:00:00,124.98236
2011-04-27 07:00:00,142.90512
2011-04-27 08:00:00,144.79974
2011-04-27 09:00:00,152.68668
2011-04-27 10:00:00,159.002
2011-04-27 11:00:00,179.43188
2011-04-27 12:00:00,185.74585
2011-04-27 13:00:00,174.81732
2011-04-27 14:00:00,211.89857
2011-04-27 15:00:00,270.33588
2011-04-27 16:00:00,246.94452
2011-04-27 17:00:00,185.89833
2011-04-27 18:00:00,185.89833
2011-04-27 19:00:00,170.37215
2011-04-27 20:00:00,160.23206
2011-04-27 21:00:00,145.89536
2011-04-27 22:00:00,151.57666
2011-04-27 23:00:00,153.54623
2011-04-28 00:00:00,180.2789
2011-04-28 01:00:00,166.81006
2011-04-28 02:00:00,172.0694
2011-04-28 03:00:00,188.80147
2011-04-28 04:00:00,169.43484
2011-04-28 05:00:00,166.81006
2011-04-28 06:00:00,195.67651
2011-04-28 07:00:00,194.30334
2011-04-28 08:00:00,202.52579
2011-04-28 09:00:00,155.92838
2011-04-28 10:00:00,149.46832
2011-04-28 11:00:00,159.002
2011-04-28 12:00:00,173.59024
2011-04-28 13:00:00,159.97003
2011-04-28 14:00:00,156.56566
2011-04-28 15:00:00,227.63008
2011-04-28 16:00:00,167.63135
2011-04-28 17:00:00,316.66464
2011-04-28 18:00:00,316.66464
2011-04-28 19:00:00,314.5312
2011-04-28 20:00:00,268.19592
2011-04-28 21:00:00,230.73508
2011-04-28 22:00:00,232.99442
2011-04-28 23:00:00,239.19666
2011-04-29 00:00:00,271.0733
2011-04-29 01:00:00,205.59451
2011-04-29 02:00:00,133.12518
2011-04-29 03:00:00,145.08112
2011-04-29 04:00:00,181.14343
2011-04-29 05:00:00,194.2753
2011-04-29 06:00:00,238.34401
2011-04-29 07:00:00,242.0491
2011-04-29 08:00:00,282.04745
2011-04-29 09:00:00,286.20514
2011-04-29 10:00:00,283.40576
2011-04-29 11:00:00,308.6496
2011-04-29 12:00:00,293.25824
2011-04-29 13:00:00,296.56335
2011-04-29 14:00:00,337.38522
2011-04-29 15:00:00,293.2057
2011-04-29 16:00:00,280.16968
2011-04-29 17:00:00,253.04898
2011-04-29 18:00:00,237.71979
2011-04-29 19:00:00,182.55101
2011-04-29 20:00:00,212.35408
2011-04-29 21:00:00,190.06973
2011-04-29 22:00:00,146.26604
2011-04-29 23:00:00,169.02496
2011-04-30 00:00:00,170.88318
2011-04-30 01:00:00,168.1588
2011-04-30 02:00:00,169.12665
2011-04-30 03:00:00,159.33405
2011-04-30 04:00:00,159.94682
2011-04-30 05:00:00,162.99826
2011-04-30 06:00:00,135.85397
2011-04-30 07:00:00,153.67853
2011-04-30 08:00:00,150.73755
2011-04-30 09:00:00,183.50645
2011-04-30 10:00:00,229.01965
2011-04-30 11:00:00,252.7129
2011-04-30 12:00:00,261.70258
2011-04-30 13:00:00,289.01675
2011-04-30 14:00:00,276.3772
2011-04-30 15:00:00,275.47275
2011-04-30 16:00:00,294.95743
2011-04-30 17:00:00,252.56529
2011-04-30 18:00:00,244.42596
2011-04-30 19:00:00,244.42596
2011-04-30 20:00:00,127.50172
2011-04-30 21:00:00,127.50172
2011-04-30 22:00:00,117.92153
2011-04-30 23:00:00,117.92153
2011-05-20 00:00:00,102.59565
2011-05-20 01:00:00,98.803505
2011-05-20 02:00:00,97.04683
2011-05-20 03:00:00,97.388374
2011-05-20 04:00:00,98.85134
2011-05-20 05:00:00,98.78742
2011-05-20 06:00:00,108.23966
2011-05-20 07:00:00,129.52704
2011-05-20 08:00:00,128.30966
2011-05-20 09:00:00,160.8114
2011-05-20 10:00:00,179.1799
2011-05-20 11:00:00,209.86469
2011-05-20 12:00:00,264.42407
2011-05-20 13:00:00,277.72745
2011-05-20 14:00:00,264.65002
2011-05-20 15:00:00,251.87186
2011-05-20 16:00:00,257.4909
2011-05-20 17:00:00,213.68979
2011-05-20 18:00:00,237.89043
2011-05-20 19:00:00,168.50159
2011-05-20 20:00:00,170.53925
2011-05-20 21:00:00,163.64621
2011-05-20 22:00:00,124.07618
2011-05-20 23:00:00,138.76576
2011-05-21 00:00:00,121.66054
2011-05-21 01:00:00,115.78791
2011-05-21 02:00:00,126.8642
2011-05-21 03:00:00,110.43632
2011-05-21 04:00:00,100.23008
2011-05-21 05:00:00,100.27953
2011-05-21 06:00:00,114.93043
2011-05-21 07:00:00,133.97012
2011-05-21 08:00:00,167.46445
2011-05-21 09:00:00,212.34018
2011-05-21 10:00:00,203.70905
2011-05-21 11:00:00,253.16905
2011-05-21 12:00:00,241.70172
2011-05-21 13:00:00,276.09937
2011-05-21 14:00:00,290.91467
2011-05-21 15:00:00,332.05704
2011-05-21 16:00:00,359.2443
2011-05-21 17:00:00,334.78598
2011-05-21 18:00:00,316.67975
2011-05-21 19:00:00,295.42725
2011-05-21 20:00:00,178.88779
2011-05-21 21:00:00,203.70905
2011-05-21 22:00:00,166.53525
2011-05-21 23:00:00,129.27719
2011-05-22 00:00:00,117.702644
2011-05-22 01:00:00,107.3904
2011-05-22 02:00:00,107.43748
2011-05-22 03:00:00,99.10768
2011-05-22 04:00:00,97.7519
2011-05-22 05:00:00,99.10768
2011-05-22 06:00:00,107.43748
2011-05-22 07:00:00,117.07866
2011-05-22 08:00:00,145.30704
2011-05-22 09:00:00,169.05032
2011-05-22 10:00:00,195.76688
2011-05-22 11:00:00,282.36874
2011-05-22 12:00:00,310.93393
2011-05-22 13:00:00,279.91318
2011-05-22 14:00:00,203.76599
2011-05-22 15:00:00,238.27794
2011-05-22 16:00:00,231.8322
2011-05-22 17:00:00,280.00568
2011-05-22 18:00:00,242.55534
2011-05-22 19:00:00,236.3971
2011-05-22 20:00:00,202.16107
2011-05-22 21:00:00,167.67093
2011-05-22 22:00:00,134.60574
2011-05-22 23:00:00,136.13724
2011-05-23 00:00:00,133.10904
2011-05-23 01:00:00,125.6396
2011-05-23 02:00:00,140.60661
2011-05-23 03:00:00,128.82202
2011-05-23 04:00:00,114.58883
2011-05-23 05:00:00,114.58883
2011-05-23 06:00:00,110.72292
2011-05-23 07:00:00,126.507385
2011-05-23 08:00:00,137.34734
2011-05-23 09:00:00,138.18085
2011-05-23 10:00:00,204.0793
2011-05-23 11:00:00,241.3056
2011-05-23 12:00:00,241.3056
2011-05-23 13:00:00,325.90826
2011-05-23 14:00:00,303.41003
2011-05-23 15:00:00,303.94925
2011-05-23 16:00:00,290.28473
2011-05-23 17:00:00,274.60907
2011-05-23 18:00:00,224.85957
2011-05-23 19:00:00,212.36124
2011-05-23 20:00:00,154.94449
2011-05-23 21:00:00,147.13062
2011-05-23 22:00:00,132.3552
2011-05-23 23:00:00,147.28014
2011-05-24 00:00:00,130.26892
2011-05-24 01:00:00,130.38437
2011-05-24 02:00:00,130.26892
2011-05-24 03:00:00,129.59818
2011-05-24 04:00:00,129.87376
2011-05-24 05:00:00,134.88242
2011-05-24 06:00:00,133.2132
2011-05-24 07:00:00,177.88527
2011-05-24 08:00:00,162.71497
2011-05-24 09:00:00,188.59265
2011-05-24 10:00:00,277.70074
2011-05-24 11:00:00,302.94257
2011-05-24 12:00:00,366.74173
2011-05-24 13:00:00,337.3139
2011-05-24 14:00:00,345.61563
2011-05-24 15:00:00,346.33813
2011-05-24 16:00:00,204.1966
2011-05-24 17:00:00,227.85458
2011-05-24 18:00:00,216.06516
2011-05-24 19:00:00,184.86053
2011-05-24 20:00:00,165.38165
2011-05-24 21:00:00,144.80316
2011-05-24 22:00:00,153.58176
2011-05-24 23:00:00,198.97232
2011-05-25 00:00:00,157.1083
2011-05-25 01:00:00,151.96544
2011-05-25 02:00:00,117.64295
2011-05-25 03:00:00,113.88444
2011-05-25 04:00:00,113.93345
2011-05-25 05:00:00,124.3339
2011-05-25 06:00:00,120.4122
2011-05-25 07:00:00,161.43034
2011-05-25 08:00:00,202.9046
2011-05-25 09:00:00,202.1348
2011-05-25 10:00:00,224.37735
2011-05-25 11:00:00,271.1079
2011-05-25 12:00:00,274.1953
2011-05-25 13:00:00,274.1953
2011-05-25 14:00:00,281.0301
2011-05-25 15:00:00,319.04138
2011-05-25 16:00:00,316.4569
2011-05-25 17:00:00,302.94257
2011-05-25 18:00:00,276.49194
2011-05-25 19:00:00,235.77615
2011-05-25 20:00:00,243.67218
2011-05-25 21:00:00,192.4347
2011-05-25 22:00:00,216.75633
2011-05-25 23:00:00,169.67836
2011-05-26 00:00:00,169.67836
2011-05-26 01:00:00,169.67836
2011-05-26 02:00:00,138.19232
2011-05-26 03:00:00,128.56807
2011-05-26 04:00:00,120.87653
2011-05-26 05:00:00,133.53107
2011-05-26 06:00:00,120.882904
2011-05-26 07:00:00,138.6977
2011-05-26 08:00:00,158.76547
2011-05-26 09:00:00,221.61021
2011-05-26 10:00:00,224.85957
2011-05-26 11:00:00,260.41342
2011-05-26 12:00:00,329.39838
2011-05-26 13:00:00,358.32587
2011-05-26 14:00:00,358.32587
2011-05-26 15:00:00,368.64267
2011-05-26 16:00:00,378.95837
2011-05-26 17:00:00,353.73444
2011-05-26 18:00:00,365.68878
2011-05-26 19:00:00,356.98773
2011-05-26 20:00:00,263.1145
2011-05-26 21:00:00,233.64606
2011-05-26 22:00:00,219.80716
2011-05-26 23:00:00,234.65804
2011-05-27 00:00:00,224.50012
2011-05-27 01:00:00,284.29385
2011-05-27 02:00:00,249.7868
2011-05-27 03:00:00,195.34949
2011-05-27 04:00:00,184.79227
2011-05-27 05:00:00,229.7045
2011-05-27 06:00:00,176.20607
2011-05-27 07:00:00,175.09439
2011-05-27 08:00:00,203.13165
2011-05-27 09:00:00,253.4365
2011-05-27 10:00:00,324.80762
2011-05-27 11:00:00,324.39786
2011-05-27 12:00:00,326.16428
2011-05-27 13:00:00,277.51392
2011-05-27 14:00:00,308.82275
2011-05-27 15:00:00,342.86703
2011-05-27 16:00:00,345.02478
2011-05-27 17:00:00,317.87683
2011-05-27 18:00:00,290.28473
2011-05-27 19:00:00,173.71895
2011-05-27 20:00:00,186.69766
2011-05-27 21:00:00,135.11903
2011-05-27 22:00:00,145.98254
2011-05-27 23:00:00,131.3519
2011-05-28 00:00:00,126.068825
2011-05-28 01:00:00,129.38124
2011-05-28 02:00:00,116.40311
2011-05-28 03:00:00,126.15011
2011-05-28 04:00:00,127.65793
2011-05-28 05:00:00,126.15011
2011-05-28 06:00:00,139.58076
2011-05-28 07:00:00,144.71648
2011-05-28 08:00:00,155.57251
2011-05-28 09:00:00,186.0391
2011-05-28 10:00:00,242.90894
2011-05-28 11:00:00,242.90894
2011-05-28 12:00:00,288.42834
2011-05-28 13:00:00,271.42444
2011-05-28 14:00:00,290.1922
2011-05-28 15:00:00,300.96387
2011-05-28 16:00:00,321.65253
2011-05-28 17:00:00,316.69336
2011-05-28 18:00:00,277.47845
2011-05-28 19:00:00,236.84201
2011-05-28 20:00:00,242.90894
2011-05-28 21:00:00,194.94365
2011-05-28 22:00:00,168.13449
2011-05-28 23:00:00,149.14984
2011-05-29 00:00:00,150.4619
2011-05-29 01:00:00,134.57324
2011-05-29 02:00:00,127.78445
2011-05-29 03:00:00,127.78445
2011-05-29 04:00:00,123.07967
2011-05-29 05:00:00,117.31756
2011-05-29 06:00:00,140.87
2011-05-29 07:00:00,143.87982
2011-05-29 08:00:00,142.47595
2011-05-29 09:00:00,132.8854
2011-05-29 10:00:00,162.45041
2011-05-29 11:00:00,166.33112
2011-05-29 12:00:00,214.95496
2011-05-29 13:00:00,246.86061
2011-05-29 14:00:00,256.0796
2011-05-29 15:00:00,259.0666
2011-05-29 16:00:00,256.0796
2011-05-29 17:00:00,256.0796
2011-05-29 18:00:00,233.69586
2011-05-29 19:00:00,227.66614
2011-05-29 20:00:00,181.03888
2011-05-29 21:00:00,158.00029
2011-05-29 22:00:00,137.29184
2011-05-29 23:00:00,141.74094
2011-05-30 00:00:00,131.64195
2011-05-30 01:00:00,129.0836
2011-05-30 02:00:00,131.64195
2011-05-30 03:00:00,131.64195
2011-05-30 04:00:00,125.241066
2011-05-30 05:00:00,128.2429
2011-05-30 06:00:00,130.16805
2011-05-30 07:00:00,122.88857
2011-05-30 08:00:00,140.71048
2011-05-30 09:00:00,201.07188
2011-05-30 10:00:00,350.61395
2011-05-30 11:00:00,323.59875
2011-05-30 12:00:00,363.20538
2011-05-30 13:00:00,361.38373
2011-05-30 14:00:00,360.05853
2011-05-30 15:00:00,409.2149
2011-05-30 16:00:00,415.61847
2011-05-30 17:00:00,395.09094
2011-05-30 18:00:00,381.77646
2011-05-30 19:00:00,233.35867
2011-05-30 20:00:00,269.06427
2011-05-30 21:00:00,232.91846
2011-05-30 22:00:00,216.39803
2011-05-30 23:00:00,157.08514
2011-05-31 00:00:00,166.64174
2011-05-31 01:00:00,144.21275
2011-05-31 02:00:00,142.76343
2011-05-31 03:00:00,126.84878
2011-05-31 04:00:00,143.19513
2011-05-31 05:00:00,143.19513
2011-05-31 06:00:00,155.63734
2011-05-31 07:00:00,230.39673
2011-05-31 08:00:00,286.50763
2011-05-31 09:00:00,306.71368
2011-05-31 10:00:00,316.30023
2011-05-31 11:00:00,304.5889
2011-05-31 12:00:00,336.29807
2011-05-31 13:00:00,362.0343
2011-05-31 14:00:00,328.3297
2011-05-31 15:00:00,361.5055
2011-05-31 16:00:00,355.2373
2011-05-31 17:00:00,350.94498
2011-05-31 18:00:00,342.87994
2011-05-31 19:00:00,267.2456
2011-05-31 20:00:00,267.2456
2011-05-31 21:00:00,243.57552
2011-05-31 22:00:00,228.90396
2011-05-31 23:00:00,180.37038
2011-06-20 00:00:00,153.65863
2011-06-20 01:00:00,134.09883
2011-06-20 02:00:00,134.09883
2011-06-20 03:00:00,137.65942
2011-06-20 04:00:00,150.99263
2011-06-20 05:00:00,154.32144
2011-06-20 06:00:00,160.58331
2011-06-20 07:00:00,141.26956
2011-06-20 08:00:00,147.26712
2011-06-20 09:00:00,165.49942
2011-06-20 10:00:00,165.49942
2011-06-20 11:00:00,148.95346
2011-06-20 12:00:00,186.73584
2011-06-20 13:00:00,191.67639
2011-06-20 14:00:00,211.39087
2011-06-20 15:00:00,219.29865
2011-06-20 16:00:00,255.17534
2011-06-20 17:00:00,230.3341
2011-06-20 18:00:00,264.48352
2011-06-20 19:00:00,225.48071
2011-06-20 20:00:00,210.62457
2011-06-20 21:00:00,175.09438
2011-06-20 22:00:00,194.88371
2011-06-20 23:00:00,167.63135
2011-06-21 00:00:00,182.96585
2011-06-21 01:00:00,207.36354
2011-06-21 02:00:00,183.85327
2011-06-21 03:00:00,183.85327
2011-06-21 04:00:00,148.62186
2011-06-21 05:00:00,152.41391
2011-06-21 06:00:00,152.41391
2011-06-21 07:00:00,132.1572
2011-06-21 08:00:00,152.18976
2011-06-21 09:00:00,164.10847
2011-06-21 10:00:00,179.37192
2011-06-21 11:00:00,173.7924
2011-06-21 12:00:00,228.95216
2011-06-21 13:00:00,272.08725
2011-06-21 14:00:00,306.8717
2011-06-21 15:00:00,336.54965
2011-06-21 16:00:00,342.90906
2011-06-21 17:00:00,310.91306
2011-06-21 18:00:00,297.42044
2011-06-21 19:00:00,267.59375
2011-06-21 20:00:00,289.23456
2011-06-21 21:00:00,246.1814
2011-06-21 22:00:00,202.30344
2011-06-21 23:00:00,217.74713
2011-06-22 00:00:00,197.05415
2011-06-22 01:00:00,187.78116
2011-06-22 02:00:00,162.46169
2011-06-22 03:00:00,187.78116
2011-06-22 04:00:00,143.88644
2011-06-22 05:00:00,139.25276
2011-06-22 06:00:00,149.98357
2011-06-22 07:00:00,181.03432
2011-06-22 08:00:00,227.31729
2011-06-22 09:00:00,222.43076
2011-06-22 10:00:00,276.51477
2011-06-22 11:00:00,256.087
2011-06-22 12:00:00,352.3468
2011-06-22 13:00:00,376.57663
2011-06-22 14:00:00,392.2486
2011-06-22 15:00:00,382.48846
2011-06-22 16:00:00,385.3081
2011-06-22 17:00:00,394.079
2011-06-22 18:00:00,357.6137
2011-06-22 19:00:00,374.38715
2011-06-22 20:00:00,239.04622
2011-06-22 21:00:00,229.16226
2011-06-22 22:00:00,239.0037
2011-06-22 23:00:00,243.72275
2011-06-23 00:00:00,234.45123
2011-06-23 01:00:00,252.93716
2011-06-23 02:00:00,252.93716
2011-06-23 03:00:00,250.32205
2011-06-23 04:00:00,218.97046
2011-06-23 05:00:00,239.14236
2011-06-23 06:00:00,239.14236
2011-06-23 07:00:00,244.83363
2011-06-23 08:00:00,272.0582
2011-06-23 09:00:00,260.52798
2011-06-23 10:00:00,289.19168
2011-06-23 11:00:00,318.80765
2011-06-23 12:00:00,317.94876
2011-06-23 13:00:00,327.18292
2011-06-23 14:00:00,321.06818
2011-06-23 15:00:00,375.17282
2011-06-23 16:00:00,317.57416
2011-06-23 17:00:00,292.90002
2011-06-23 18:00:00,288.95752
2011-06-23 19:00:00,286.63422
2011-06-23 20:00:00,240.64073
2011-06-23 21:00:00,234.23679
2011-06-23 22:00:00,250.5789
2011-06-23 23:00:00,252.52417
2011-06-24 00:00:00,204.93326
2011-06-24 01:00:00,192.62036
2011-06-24 02:00:00,192.62036
2011-06-24 03:00:00,173.7924
2011-06-24 04:00:00,161.64777
2011-06-24 05:00:00,146.26288
2011-06-24 06:00:00,169.30042
2011-06-24 07:00:00,193.82794
2011-06-24 08:00:00,240.64073
2011-06-24 09:00:00,276.87897
2011-06-24 10:00:00,387.8579
2011-06-24 11:00:00,401.27176
2011-06-24 12:00:00,387.75958
2011-06-24 13:00:00,381.41006
2011-06-24 14:00:00,380.46967
2011-06-24 15:00:00,424.4346
2011-06-24 16:00:00,421.3316
2011-06-24 17:00:00,374.419
2011-06-24 18:00:00,384.0517
2011-06-24 19:00:00,359.14362
2011-06-24 20:00:00,333.86115
2011-06-24 21:00:00,313.96353
2011-06-24 22:00:00,293.47992
2011-06-24 23:00:00,296.12732
2011-06-25 00:00:00,329.1316
2011-06-25 01:00:00,310.12265
2011-06-25 02:00:00,325.8793
2011-06-25 03:00:00,282.32074
2011-06-25 04:00:00,282.32074
2011-06-25 05:00:00,243.95004
2011-06-25 06:00:00,287.5741
2011-06-25 07:00:00,298.39032
2011-06-25 08:00:00,349.2002
2011-06-25 09:00:00,364.244
2011-06-25 10:00:00,353.37347
2011-06-25 11:00:00,335.36597
2011-06-25 12:00:00,391.20197
2011-06-25 13:00:00,391.20197
2011-06-25 14:00:00,379.83972
2011-06-25 15:00:00,329.65604
2011-06-25 16:00:00,395.21198
2011-06-25 17:00:00,377.34686
2011-06-25 18:00:00,364.244
2011-06-25 19:00:00,362.30365
2011-06-25 20:00:00,338.62988
2011-06-25 21:00:00,314.0887
2011-06-25 22:00:00,334.73914
2011-06-25 23:00:00,342.00854
2011-06-26 00:00:00,266.7124
2011-06-26 01:00:00,284.31366
2011-06-26 02:00:00,263.42505
2011-06-26 03:00:00,221.50452
2011-06-26 04:00:00,219.39474
2011-06-26 05:00:00,204.48544
2011-06-26 06:00:00,204.48544
2011-06-26 07:00:00,222.01602
2011-06-26 08:00:00,264.28497
2011-06-26 09:00:00,280.72668
2011-06-26 10:00:00,329.5895
2011-06-26 11:00:00,342.5337
2011-06-26 12:00:00,365.97443
2011-06-26 13:00:00,336.39017
2011-06-26 14:00:00,359.65698
2011-06-26 15:00:00,336.39017
2011-06-26 16:00:00,371.56793
2011-06-26 17:00:00,370.6391
2011-06-26 18:00:00,375.79175
2011-06-26 19:00:00,346.39993
2011-06-26 20:00:00,333.35175
2011-06-26 21:00:00,310.47498
2011-06-26 22:00:00,292.38574
2011-06-26 23:00:00,296.23065
2011-06-27 00:00:00,247.58191
2011-06-27 01:00:00,190.05795
2011-06-27 02:00:00,202.94981
2011-06-27 03:00:00,202.94981
2011-06-27 04:00:00,166.60587
2011-06-27 05:00:00,172.35114
2011-06-27 06:00:00,194.69827
2011-06-27 07:00:00,230.2558
2011-06-27 08:00:00,216.99844
2011-06-27 09:00:00,294.69775
2011-06-27 10:00:00,313.1657
2011-06-27 11:00:00,272.024
2011-06-27 12:00:00,294.69775
2011-06-27 13:00:00,310.91736
2011-06-27 14:00:00,293.10107
2011-06-27 15:00:00,297.4354
2011-06-27 16:00:00,298.15268
2011-06-27 17:00:00,303.87994
2011-06-27 18:00:00,292.71677
2011-06-27 19:00:00,285.3355
2011-06-27 20:00:00,243.6604
2011-06-27 21:00:00,227.22214
2011-06-27 22:00:00,205.14247
2011-06-27 23:00:00,205.14247
2011-06-28 00:00:00,200.5299
2011-06-28 01:00:00,181.65814
2011-06-28 02:00:00,197.52585
2011-06-28 03:00:00,197.52585
2011-06-28 04:00:00,181.65814
2011-06-28 05:00:00,162.46169
2011-06-28 06:00:00,173.7924
2011-06-28 07:00:00,189.32034
2011-06-28 08:00:00,211.85445
2011-06-28 09:00:00,224.86926
2011-06-28 10:00:00,355.3814
2011-06-28 11:00:00,331.30518
2011-06-28 12:00:00,382.09464
2011-06-28 13:00:00,337.78494
2011-06-28 14:00:00,390.60846
2011-06-28 15:00:00,349.74466
2011-06-28 16:00:00,403.62158
2011-06-28 17:00:00,392.18494
2011-06-28 18:00:00,386.49115
2011-06-28 19:00:00,353.19067
2011-06-28 20:00:00,252.85095
2011-06-28 21:00:00,297.86328
2011-06-28 22:00:00,265.76794
2011-06-28 23:00:00,262.80533
2011-06-29 00:00:00,229.4115
2011-06-29 01:00:00,221.32904
2011-06-29 02:00:00,183.44931
2011-06-29 03:00:00,177.37479
2011-06-29 04:00:00,164.10669
2011-06-29 05:00:00,168.8722
2011-06-29 06:00:00,253.7492
2011-06-29 07:00:00,309.19293
2011-06-29 08:00:00,342.75128
2011-06-29 09:00:00,378.55392
2011-06-29 10:00:00,371.7459
2011-06-29 11:00:00,370.7522
2011-06-29 12:00:00,377.04834
2011-06-29 13:00:00,408.15515
2011-06-29 14:00:00,379.76337
2011-06-29 15:00:00,379.85547
2011-06-29 16:00:00,420.195
2011-06-29 17:00:00,400.7793
2011-06-29 18:00:00,404.4812
2011-06-29 19:00:00,406.29996
2011-06-29 20:00:00,379.06488
2011-06-29 21:00:00,357.46597
2011-06-29 22:00:00,341.66068
2011-06-29 23:00:00,321.60767
2011-06-30 00:00:00,298.01178
2011-06-30 01:00:00,280.40628
2011-06-30 02:00:00,262.5818
2011-06-30 03:00:00,248.35025
2011-06-30 04:00:00,212.5569
2011-06-30 05:00:00,231.3866
2011-06-30 06:00:00,250.0943
2011-06-30 07:00:00,257.21915
2011-06-30 08:00:00,327.46683
2011-06-30 09:00:00,348.2107
2011-06-30 10:00:00,346.88165
2011-06-30 11:00:00,344.15665
2011-06-30 12:00:00,358.13882
2011-06-30 13:00:00,367.0643
2011-06-30 14:00:00,374.722
2011-06-30 15:00:00,389.2162
2011-06-30 16:00:00,370.61523
2011-06-30 17:00:00,402.51532
2011-06-30 18:00:00,384.94046
2011-06-30 19:00:00,362.0286
2011-06-30 20:00:00,362.0286
2011-06-30 21:00:00,334.765
2011-06-30 22:00:00,335.19202
2011-06-30 23:00:00,273.78577
2011-07-20 00:00:00,183.42398
2011-07-20 01:00:00,162.86697
2011-07-20 02:00:00,162.86697
2011-07-20 03:00:00,183.42398
2011-07-20 04:00:00,157.31946
2011-07-20 05:00:00,175.27127
2011-07-20 06:00:00,168.39238
2011-07-20 07:00:00,196.39828
2011-07-20 08:00:00,213.87692
2011-07-20 09:00:00,238.90439
2011-07-20 10:00:00,236.24234
2011-07-20 11:00:00,306.29773
2011-07-20 12:00:00,309.4261
2011-07-20 13:00:00,366.96414
2011-07-20 14:00:00,387.1565
2011-07-20 15:00:00,375.24237
2011-07-20 16:00:00,326.37204
2011-07-20 17:00:00,362.07928
2011-07-20 18:00:00,368.57776
2011-07-20 19:00:00,332.7764
2011-07-20 20:00:00,306.78806
2011-07-20 21:00:00,316.93704
2011-07-20 22:00:00,302.21902
2011-07-20 23:00:00,275.43765
2011-07-21 00:00:00,269.2608
2011-07-21 01:00:00,237.15607
2011-07-21 02:00:00,237.15607
2011-07-21 03:00:00,234.83304
2011-07-21 04:00:00,211.77574
2011-07-21 05:00:00,211.77574
2011-07-21 06:00:00,211.77574
2011-07-21 07:00:00,222.61165
2011-07-21 08:00:00,254.02312
2011-07-21 09:00:00,315.95874
2011-07-21 10:00:00,344.13986
2011-07-21 11:00:00,402.79547
2011-07-21 12:00:00,424.72858
2011-07-21 13:00:00,417.3969
2011-07-21 14:00:00,440.17654
2011-07-21 15:00:00,418.98065
2011-07-21 16:00:00,432.02936
2011-07-21 17:00:00,435.9014
2011-07-21 18:00:00,421.91318
2011-07-21 19:00:00,388.515
2011-07-21 20:00:00,348.80902
2011-07-21 21:00:00,330.8902
2011-07-21 22:00:00,322.80054
2011-07-21 23:00:00,302.98907
2011-07-22 00:00:00,334.75867
2011-07-22 01:00:00,285.1034
2011-07-22 02:00:00,254.44786
2011-07-22 03:00:00,257.81866
2011-07-22 04:00:00,239.5318
2011-07-22 05:00:00,217.77722
2011-07-22 06:00:00,236.32457
2011-07-22 07:00:00,314.16364
2011-07-22 08:00:00,356.8697
2011-07-22 09:00:00,350.98016
2011-07-22 10:00:00,379.74878
2011-07-22 11:00:00,380.80627
2011-07-22 12:00:00,412.20758
2011-07-22 13:00:00,416.2293
2011-07-22 14:00:00,456.3365
2011-07-22 15:00:00,449.30515
2011-07-22 16:00:00,447.49957
2011-07-22 17:00:00,373.87097
2011-07-22 18:00:00,396.4956
2011-07-22 19:00:00,380.19415
2011-07-22 20:00:00,326.37204
2011-07-22 21:00:00,328.6605
2011-07-22 22:00:00,362.73267
2011-07-22 23:00:00,327.9282
2011-07-23 00:00:00,332.81897
2011-07-23 01:00:00,361.17114
2011-07-23 02:00:00,344.74353
2011-07-23 03:00:00,291.6308
2011-07-23 04:00:00,280.95667
2011-07-23 05:00:00,299.77948
2011-07-23 06:00:00,354.85413
2011-07-23 07:00:00,349.36316
2011-07-23 08:00:00,407.8716
2011-07-23 09:00:00,387.8241
2011-07-23 10:00:00,413.6338
2011-07-23 11:00:00,422.20898
2011-07-23 12:00:00,413.20932
2011-07-23 13:00:00,429.59277
2011-07-23 14:00:00,396.72113
2011-07-23 15:00:00,402.12878
2011-07-23 16:00:00,423.1657
2011-07-23 17:00:00,423.1657
2011-07-23 18:00:00,438.17206
2011-07-23 19:00:00,359.93475
2011-07-23 20:00:00,367.62158
2011-07-23 21:00:00,367.62158
2011-07-23 22:00:00,349.32104
2011-07-23 23:00:00,332.1737
2011-07-24 00:00:00,332.1737
2011-07-24 01:00:00,294.63193
2011-07-24 02:00:00,317.68604
2011-07-24 03:00:00,317.68604
2011-07-24 04:00:00,294.63193
2011-07-24 05:00:00,291.6308
2011-07-24 06:00:00,328.32196
2011-07-24 07:00:00,337.94162
2011-07-24 08:00:00,385.16974
2011-07-24 09:00:00,405.5597
2011-07-24 10:00:00,431.8698
2011-07-24 11:00:00,398.75488
2011-07-24 12:00:00,413.59595
2011-07-24 13:00:00,408.90485
2011-07-24 14:00:00,421.5293
2011-07-24 15:00:00,434.56424
2011-07-24 16:00:00,434.56424
2011-07-24 17:00:00,402.9983
2011-07-24 18:00:00,407.00635
2011-07-24 19:00:00,395.66736
2011-07-24 20:00:00,387.8241
2011-07-24 21:00:00,326.76917
2011-07-24 22:00:00,270.53976
2011-07-24 23:00:00,269.52643
2011-07-25 00:00:00,251.35388
2011-07-25 01:00:00,249.5373
2011-07-25 02:00:00,227.32086
2011-07-25 03:00:00,197.16466
2011-07-25 04:00:00,196.9715
2011-07-25 05:00:00,196.9715
2011-07-25 06:00:00,209.55225
2011-07-25 07:00:00,212.49951
2011-07-25 08:00:00,236.94342
2011-07-25 09:00:00,278.34464
2011-07-25 10:00:00,309.4261
2011-07-25 11:00:00,370.56497
2011-07-25 12:00:00,370.56497
2011-07-25 13:00:00,250.64792
2011-07-25 14:00:00,239.0037
2011-07-25 15:00:00,221.56339
2011-07-25 16:00:00,202.24146
2011-07-25 17:00:00,208.12888
2011-07-25 18:00:00,230.0332
2011-07-25 19:00:00,238.90439
2011-07-25 20:00:00,233.19931
2011-07-25 21:00:00,162.86697
2011-07-25 22:00:00,162.86697
2011-07-25 23:00:00,180.72198
2011-07-26 00:00:00,202.30344
2011-07-26 01:00:00,202.30344
2011-07-26 02:00:00,159.78088
2011-07-26 03:00:00,164.40768
2011-07-26 04:00:00,170.4467
2011-07-26 05:00:00,149.39331
2011-07-26 06:00:00,194.15225
2011-07-26 07:00:00,289.63092
2011-07-26 08:00:00,315.393
2011-07-26 09:00:00,366.15335
2011-07-26 10:00:00,386.07172
2011-07-26 11:00:00,346.97205
2011-07-26 12:00:00,352.33377
2011-07-26 13:00:00,410.5876
2011-07-26 14:00:00,415.1139
2011-07-26 15:00:00,422.47498
2011-07-26 16:00:00,409.11768
2011-07-26 17:00:00,425.36682
2011-07-26 18:00:00,423.75623
2011-07-26 19:00:00,395.99637
2011-07-26 20:00:00,377.07977
2011-07-26 21:00:00,357.66278
2011-07-26 22:00:00,311.43304
2011-07-26 23:00:00,298.95392
2011-07-27 00:00:00,346.04822
2011-07-27 01:00:00,351.79974
2011-07-27 02:00:00,354.74677
2011-07-27 03:00:00,290.21246
2011-07-27 04:00:00,322.29163
2011-07-27 05:00:00,321.29514
2011-07-27 06:00:00,309.19293
2011-07-27 07:00:00,344.6822
2011-07-27 08:00:00,365.19586
2011-07-27 09:00:00,377.04834
2011-07-27 10:00:00,334.89703
2011-07-27 11:00:00,342.0453
2011-07-27 12:00:00,405.0405
2011-07-27 13:00:00,422.38916
2011-07-27 14:00:00,398.8687
2011-07-27 15:00:00,406.20782
2011-07-27 16:00:00,388.75198
2011-07-27 17:00:00,397.02844
2011-07-27 18:00:00,367.23444
2011-07-27 19:00:00,359.0775
2011-07-27 20:00:00,359.1163
2011-07-27 21:00:00,319.68372
2011-07-27 22:00:00,299.86157
2011-07-27 23:00:00,325.265
2011-07-28 00:00:00,303.42828
2011-07-28 01:00:00,289.20477
2011-07-28 02:00:00,294.36877
2011-07-28 03:00:00,278.08923
2011-07-28 04:00:00,260.94983
2011-07-28 05:00:00,243.6604
2011-07-28 06:00:00,223.20975
2011-07-28 07:00:00,248.55121
2011-07-28 08:00:00,272.08725
2011-07-28 09:00:00,324.495
2011-07-28 10:00:00,364.67035
2011-07-28 11:00:00,385.91162
2011-07-28 12:00:00,385.15042
2011-07-28 13:00:00,396.68237
2011-07-28 14:00:00,398.34344
2011-07-28 15:00:00,381.9167
2011-07-28 16:00:00,376.5008
2011-07-28 17:00:00,372.11472
2011-07-28 18:00:00,373.031
2011-07-28 19:00:00,349.41684
2011-07-28 20:00:00,327.92816
2011-07-28 21:00:00,323.8801
2011-07-28 22:00:00,290.04474
2011-07-28 23:00:00,261.67795
2011-07-29 00:00:00,229.16226
2011-07-29 01:00:00,223.08786
2011-07-29 02:00:00,197.16466
2011-07-29 03:00:00,197.16466
2011-07-29 04:00:00,203.74199
2011-07-29 05:00:00,178.08748
2011-07-29 06:00:00,192.63031
2011-07-29 07:00:00,227.32086
2011-07-29 08:00:00,239.04678
2011-07-29 09:00:00,396.68237
2011-07-29 10:00:00,422.03235
2011-07-29 11:00:00,435.73755
2011-07-29 12:00:00,442.70673
2011-07-29 13:00:00,376.49527
2011-07-29 14:00:00,429.12592
2011-07-29 15:00:00,436.12296
2011-07-29 16:00:00,451.36584
2011-07-29 17:00:00,443.47766
2011-07-29 18:00:00,443.2732
2011-07-29 19:00:00,408.49677
2011-07-29 20:00:00,417.83005
2011-07-29 21:00:00,365.1895
2011-07-29 22:00:00,368.75412
2011-07-29 23:00:00,323.77228
2011-07-30 00:00:00,335.05774
2011-07-30 01:00:00,315.6368
2011-07-30 02:00:00,318.41833
2011-07-30 03:00:00,292.55115
2011-07-30 04:00:00,270.8702
2011-07-30 05:00:00,275.31696
2011-07-30 06:00:00,278.05402
2011-07-30 07:00:00,299.43744
2011-07-30 08:00:00,341.6125
2011-07-30 09:00:00,414.36267
2011-07-30 10:00:00,417.5263
2011-07-30 11:00:00,404.5888
2011-07-30 12:00:00,401.68137
2011-07-30 13:00:00,384.54166
2011-07-30 14:00:00,390.67133
2011-07-30 15:00:00,414.0839
2011-07-30 16:00:00,434.5061
2011-07-30 17:00:00,405.90588
2011-07-30 18:00:00,421.23935
2011-07-30 19:00:00,387.78442
2011-07-30 20:00:00,379.66687
2011-07-30 21:00:00,371.46878
2011-07-30 22:00:00,337.7204
2011-07-30 23:00:00,315.63678
2011-07-31 00:00:00,315.6368
2011-07-31 01:00:00,278.1219
2011-07-31 02:00:00,263.7826
2011-07-31 03:00:00,243.73384
2011-07-31 04:00:00,217.7583
2011-07-31 05:00:00,222.29288
2011-07-31 06:00:00,225.36298
2011-07-31 07:00:00,304.11343
2011-07-31 08:00:00,340.24365
2011-07-31 09:00:00,343.14157
2011-07-31 10:00:00,398.30573
2011-07-31 11:00:00,410.083
2011-07-31 12:00:00,423.73044
2011-07-31 13:00:00,412.2601
2011-07-31 14:00:00,416.65607
2011-07-31 15:00:00,403.29547
2011-07-31 16:00:00,397.24133
2011-07-31 17:00:00,389.88583
2011-07-31 18:00:00,426.94827
2011-07-31 19:00:00,385.5545
2011-07-31 20:00:00,385.5545
2011-07-31 21:00:00,356.3921
2011-07-31 22:00:00,287.7574
2011-07-31 23:00:00,292.47345
2011-08-20 00:00:00,127.85761
2011-08-20 01:00:00,136.90286
2011-08-20 02:00:00,144.3116
2011-08-20 03:00:00,144.3116
2011-08-20 04:00:00,134.23453
2011-08-20 05:00:00,133.70413
2011-08-20 06:00:00,154.93349
2011-08-20 07:00:00,136.90286
2011-08-20 08:00:00,194.5254
2011-08-20 09:00:00,228.98834
2011-08-20 10:00:00,277.70807
2011-08-20 11:00:00,269.13675
2011-08-20 12:00:00,304.11343
2011-08-20 13:00:00,324.086
2011-08-20 14:00:00,377.04187
2011-08-20 15:00:00,387.25793
2011-08-20 16:00:00,383.18307
2011-08-20 17:00:00,377.04187
2011-08-20 18:00:00,339.00293
2011-08-20 19:00:00,299.0932
2011-08-20 20:00:00,304.94623
2011-08-20 21:00:00,264.0807
2011-08-20 22:00:00,239.40793
2011-08-20 23:00:00,218.04288
2011-08-21 00:00:00,230.86075
2011-08-21 01:00:00,202.55086
2011-08-21 02:00:00,195.6373
2011-08-21 03:00:00,174.89911
2011-08-21 04:00:00,187.07181
2011-08-21 05:00:00,163.68289
2011-08-21 06:00:00,162.59616
2011-08-21 07:00:00,196.06808
2011-08-21 08:00:00,216.32944
2011-08-21 09:00:00,250.34885
2011-08-21 10:00:00,265.53757
2011-08-21 11:00:00,354.47992
2011-08-21 12:00:00,378.22348
2011-08-21 13:00:00,392.2912
2011-08-21 14:00:00,247.39885
2011-08-21 15:00:00,204.7605
2011-08-21 16:00:00,216.57848
2011-08-21 17:00:00,209.77066
2011-08-21 18:00:00,236.08281
2011-08-21 19:00:00,269.79462
2011-08-21 20:00:00,222.54477
2011-08-21 21:00:00,222.54477
2011-08-21 22:00:00,217.71732
2011-08-21 23:00:00,224.55972
2011-08-22 00:00:00,200.16565
2011-08-22 01:00:00,189.11882
2011-08-22 02:00:00,259.10364
2011-08-22 03:00:00,280.54028
2011-08-22 04:00:00,254.3233
2011-08-22 05:00:00,271.87436
2011-08-22 06:00:00,281.2729
2011-08-22 07:00:00,286.48163
2011-08-22 08:00:00,286.48163
2011-08-22 09:00:00,307.3869
2011-08-22 10:00:00,342.75128
2011-08-22 11:00:00,386.44208
2011-08-22 12:00:00,401.53857
2011-08-22 13:00:00,394.65637
2011-08-22 14:00:00,402.90057
2011-08-22 15:00:00,388.05124
2011-08-22 16:00:00,402.90057
2011-08-22 17:00:00,394.6913
2011-08-22 18:00:00,387.61218
2011-08-22 19:00:00,376.86456
2011-08-22 20:00:00,344.95407
2011-08-22 21:00:00,338.04047
2011-08-22 22:00:00,361.58173
2011-08-22 23:00:00,341.0978
2011-08-23 00:00:00,319.2189
2011-08-23 01:00:00,274.73596
2011-08-23 02:00:00,257.0266
2011-08-23 03:00:00,268.9234
2011-08-23 04:00:00,234.08484
2011-08-23 05:00:00,238.53696
2011-08-23 06:00:00,223.76239
2011-08-23 07:00:00,297.5325
2011-08-23 08:00:00,283.80542
2011-08-23 09:00:00,311.77545
2011-08-23 10:00:00,313.50214
2011-08-23 11:00:00,333.72162
2011-08-23 12:00:00,324.0918
2011-08-23 13:00:00,344.0329
2011-08-23 14:00:00,340.93713
2011-08-23 15:00:00,363.92218
2011-08-23 16:00:00,347.6524
2011-08-23 17:00:00,363.92218
2011-08-23 18:00:00,357.60492
2011-08-23 19:00:00,308.6334
2011-08-23 20:00:00,299.41663
2011-08-23 21:00:00,241.00287
2011-08-23 22:00:00,262.5818
2011-08-23 23:00:00,241.49934
2011-08-24 00:00:00,262.5818
2011-08-24 01:00:00,238.34447
2011-08-24 02:00:00,198.85641
2011-08-24 03:00:00,198.85641
2011-08-24 04:00:00,167.44861
2011-08-24 05:00:00,167.44861
2011-08-24 06:00:00,148.32283
2011-08-24 07:00:00,222.35046
2011-08-24 08:00:00,215.59305
2011-08-24 09:00:00,237.36786
2011-08-24 10:00:00,305.828
2011-08-24 11:00:00,332.1898
2011-08-24 12:00:00,342.5274
2011-08-24 13:00:00,389.60385
2011-08-24 14:00:00,389.60385
2011-08-24 15:00:00,394.10492
2011-08-24 16:00:00,378.98535
2011-08-24 17:00:00,367.2305
2011-08-24 18:00:00,336.34784
2011-08-24 19:00:00,336.34784
2011-08-24 20:00:00,316.78375
2011-08-24 21:00:00,308.9071
2011-08-24 22:00:00,290.53107
2011-08-24 23:00:00,261.66455
2011-08-25 00:00:00,242.77634
2011-08-25 01:00:00,267.75372
2011-08-25 02:00:00,267.75372
2011-08-25 03:00:00,234.73184
2011-08-25 04:00:00,215.98077
2011-08-25 05:00:00,200.80084
2011-08-25 06:00:00,192.62036
2011-08-25 07:00:00,230.1998
2011-08-25 08:00:00,263.07208
2011-08-25 09:00:00,285.0385
2011-08-25 10:00:00,308.05237
2011-08-25 11:00:00,212.49097
2011-08-25 12:00:00,212.49097
2011-08-25 13:00:00,202.30344
2011-08-25 14:00:00,223.0788
2011-08-25 15:00:00,241.08087
2011-08-25 16:00:00,178.08748
2011-08-25 17:00:00,178.08748
2011-08-25 18:00:00,215.92093
2011-08-25 19:00:00,219.94217
2011-08-25 20:00:00,204.46443
2011-08-25 21:00:00,199.40189
2011-08-25 22:00:00,142.50229
2011-08-25 23:00:00,152.15775
2011-08-26 00:00:00,159.15485
2011-08-26 01:00:00,142.50229
2011-08-26 02:00:00,149.26889
2011-08-26 03:00:00,142.08472
2011-08-26 04:00:00,136.82825
2011-08-26 05:00:00,142.76459
2011-08-26 06:00:00,136.82825
2011-08-26 07:00:00,143.88644
2011-08-26 08:00:00,164.10669
2011-08-26 09:00:00,197.936
2011-08-26 10:00:00,255.4356
2011-08-26 11:00:00,279.56183
2011-08-26 12:00:00,284.74384
2011-08-26 13:00:00,317.29834
2011-08-26 14:00:00,296.9027
2011-08-26 15:00:00,346.5666
2011-08-26 16:00:00,295.7785
2011-08-26 17:00:00,266.71222
2011-08-26 18:00:00,250.64792
2011-08-26 19:00:00,211.79614
2011-08-26 20:00:00,209.41705
2011-08-26 21:00:00,222.43076
2011-08-26 22:00:00,211.79614
2011-08-26 23:00:00,180.72198
2011-08-27 00:00:00,169.70895
2011-08-27 01:00:00,181.98482
2011-08-27 02:00:00,188.71376
2011-08-27 03:00:00,203.68687
2011-08-27 04:00:00,203.68687
2011-08-27 05:00:00,212.04137
2011-08-27 06:00:00,212.04137
2011-08-27 07:00:00,216.99193
2011-08-27 08:00:00,208.83698
2011-08-27 09:00:00,222.46114
2011-08-27 10:00:00,245.59863
2011-08-27 11:00:00,182.75851
2011-08-27 12:00:00,212.31223
2011-08-27 13:00:00,203.13472
2011-08-27 14:00:00,182.82654
2011-08-27 15:00:00,182.82654
2011-08-27 16:00:00,182.85895
2011-08-27 17:00:00,163.46193
2011-08-28 07:00:00,185.26086
2011-08-28 08:00:00,189.22296
2011-08-28 09:00:00,231.85034
2011-08-28 10:00:00,296.45215
2011-08-28 11:00:00,325.5234
2011-08-28 12:00:00,375.3111
2011-08-28 13:00:00,399.6577
2011-08-28 14:00:00,426.54074
2011-08-28 15:00:00,414.21115
2011-08-28 16:00:00,436.27032
2011-08-28 17:00:00,401.2969
2011-08-28 18:00:00,377.34686
2011-08-28 19:00:00,329.58954
2011-08-28 20:00:00,337.1897
2011-08-28 21:00:00,257.48242
2011-08-28 22:00:00,206.4516
2011-08-28 23:00:00,181.89633
2011-08-29 00:00:00,193.39691
2011-08-29 01:00:00,204.3996
2011-08-29 02:00:00,219.53691
2011-08-29 03:00:00,204.3996
2011-08-29 04:00:00,192.50354
2011-08-29 05:00:00,172.32439
2011-08-29 06:00:00,172.32439
2011-08-29 07:00:00,257.92474
2011-08-29 08:00:00,281.28424
2011-08-29 09:00:00,295.5122
2011-08-29 10:00:00,319.98557
2011-08-29 11:00:00,308.50082
2011-08-29 12:00:00,338.01935
2011-08-29 13:00:00,327.44894
2011-08-29 14:00:00,306.41083
2011-08-29 15:00:00,335.19202
2011-08-29 16:00:00,340.53235
2011-08-29 17:00:00,341.44305
2011-08-29 18:00:00,325.24384
2011-08-29 19:00:00,325.24384
2011-08-29 20:00:00,283.9787
2011-08-29 21:00:00,288.3257
2011-08-29 22:00:00,262.5818
2011-08-29 23:00:00,235.87021
2011-08-30 00:00:00,172.32439
2011-08-30 01:00:00,187.9303
2011-08-30 02:00:00,160.2427
2011-08-30 03:00:00,174.55527
2011-08-30 04:00:00,151.95619
2011-08-30 05:00:00,140.79816
2011-08-30 06:00:00,160.2427
2011-08-30 07:00:00,192.50354
2011-08-30 08:00:00,262.5818
2011-08-30 09:00:00,308.6334
2011-08-30 10:00:00,352.49283
2011-08-30 11:00:00,353.661
2011-08-30 12:00:00,317.4048
2011-08-30 13:00:00,340.5205
2011-08-30 14:00:00,355.73517
2011-08-30 15:00:00,365.71658
2011-08-30 16:00:00,350.47388
2011-08-30 17:00:00,346.88165
2011-08-30 18:00:00,326.3731
2011-08-30 19:00:00,287.1122
2011-08-30 20:00:00,273.78577
2011-08-30 21:00:00,222.0621
2011-08-30 22:00:00,219.99388
2011-08-30 23:00:00,219.99388
2011-08-31 00:00:00,185.14597
2011-08-31 01:00:00,185.14597
2011-08-31 02:00:00,148.32281
2011-08-31 03:00:00,136.9859
2011-08-31 04:00:00,148.32281
2011-08-31 05:00:00,137.43817
2011-08-31 06:00:00,134.634
2011-08-31 07:00:00,149.25592
2011-08-31 08:00:00,191.28384
2011-08-31 09:00:00,209.3696
2011-08-31 10:00:00,315.42603
2011-08-31 11:00:00,334.25348
2011-08-31 12:00:00,337.89374
2011-08-31 13:00:00,337.87454
2011-08-31 14:00:00,340.21265
2011-08-31 15:00:00,340.21265
2011-08-31 16:00:00,339.51
2011-08-31 17:00:00,328.33112
2011-08-31 18:00:00,320.36005
2011-08-31 19:00:00,388.76892
2011-08-31 20:00:00,267.9063
2011-08-31 21:00:00,244.32733
2011-08-31 22:00:00,193.19344
2011-08-31 23:00:00,166.40785
2011-09-20 00:00:00,188.8145
2011-09-20 01:00:00,145.10724
2011-09-20 02:00:00,145.10724
2011-09-20 03:00:00,154.17325
2011-09-20 04:00:00,140.39572
2011-09-20 05:00:00,145.63176
2011-09-20 06:00:00,145.63176
2011-09-20 07:00:00,145.10724
2011-09-20 08:00:00,144.84032
2011-09-20 09:00:00,144.16754
2011-09-20 10:00:00,155.66953
2011-09-20 11:00:00,155.66953
2011-09-20 12:00:00,141.69981
2011-09-20 13:00:00,140.99854
2011-09-20 14:00:00,155.00012
2011-09-20 15:00:00,186.41101
2011-09-20 16:00:00,166.60587
2011-09-20 17:00:00,149.79286
2011-09-20 18:00:00,149.79286
2011-09-20 19:00:00,132.5894
2011-09-20 20:00:00,125.34867
2011-09-20 21:00:00,125.34866
2011-09-20 22:00:00,125.34866
2011-09-20 23:00:00,125.34866
2011-09-21 00:00:00,118.20109
2011-09-21 01:00:00,122.30662
2011-09-21 02:00:00,122.30662
2011-09-21 03:00:00,134.35852
2011-09-21 04:00:00,130.22684
2011-09-21 05:00:00,130.1252
2011-09-21 06:00:00,130.51825
2011-09-21 07:00:00,130.51825
2011-09-21 08:00:00,130.38757
2011-09-21 09:00:00,133.22882
2011-09-21 10:00:00,139.56151
2011-09-21 11:00:00,172.35114
2011-09-21 12:00:00,188.08871
2011-09-21 13:00:00,224.2431
2011-09-21 14:00:00,228.8482
2011-09-21 15:00:00,213.91405
2011-09-21 16:00:00,213.91405
2011-09-21 17:00:00,237.21411
2011-09-21 18:00:00,187.41635
2011-09-21 19:00:00,142.61322
2011-09-21 20:00:00,142.61322
2011-09-21 21:00:00,133.26762
2011-09-21 22:00:00,136.81744
2011-09-21 23:00:00,134.48848
2011-09-22 00:00:00,134.48848
2011-09-22 01:00:00,139.05835
2011-09-22 02:00:00,140.23264
2011-09-22 03:00:00,139.05835
2011-09-22 04:00:00,139.05835
2011-09-22 05:00:00,140.23264
2011-09-22 06:00:00,134.83632
2011-09-22 07:00:00,134.44164
2011-09-22 08:00:00,134.60217
2011-09-22 09:00:00,151.8216
2011-09-22 10:00:00,166.83444
2011-09-22 11:00:00,165.9108
2011-09-22 12:00:00,185.1449
2011-09-22 13:00:00,189.19708
2011-09-22 14:00:00,193.82794
2011-09-22 15:00:00,212.10107
2011-09-22 16:00:00,225.38313
2011-09-22 17:00:00,195.05182
2011-09-22 18:00:00,166.66008
2011-09-22 19:00:00,152.78345
2011-09-22 20:00:00,147.4552
2011-09-22 21:00:00,152.78345
2011-09-22 22:00:00,136.40524
2011-09-22 23:00:00,136.81744
2011-09-23 00:00:00,159.01059
2011-09-23 01:00:00,141.49535
2011-09-23 02:00:00,148.21698
2011-09-23 03:00:00,141.49535
2011-09-23 04:00:00,148.47617
2011-09-23 05:00:00,152.52383
2011-09-23 06:00:00,159.01059
2011-09-23 07:00:00,175.27185
2011-09-23 08:00:00,175.27185
2011-09-23 09:00:00,159.82037
2011-09-23 10:00:00,158.00783
2011-09-23 11:00:00,158.00783
2011-09-23 12:00:00,171.16846
2011-09-23 13:00:00,153.5497
2011-09-23 14:00:00,153.5497
2011-09-23 15:00:00,171.16846
2011-09-23 16:00:00,159.75858
2011-09-23 17:00:00,141.49535
2011-09-23 18:00:00,134.63885
2011-09-23 19:00:00,156.61084
2011-09-23 20:00:00,141.47617
2011-09-23 21:00:00,142.4346
2011-09-23 22:00:00,153.08295
2011-09-23 23:00:00,152.7547
2011-09-24 00:00:00,138.75897
2011-09-24 01:00:00,151.47092
2011-09-24 02:00:00,151.47092
2011-09-24 03:00:00,137.82512
2011-09-24 04:00:00,142.74161
2011-09-24 05:00:00,149.32594
2011-09-24 06:00:00,149.32594
2011-09-24 07:00:00,157.94125
2011-09-24 08:00:00,156.72244
2011-09-24 09:00:00,163.7561
2011-09-24 10:00:00,163.7561
2011-09-24 11:00:00,193.22519
2011-09-24 12:00:00,193.22519
2011-09-24 13:00:00,191.90575
2011-09-24 14:00:00,260.23837
2011-09-24 15:00:00,260.23837
2011-09-24 16:00:00,225.60727
2011-09-24 17:00:00,240.3075
2011-09-24 18:00:00,211.55597
2011-09-24 19:00:00,149.0816
2011-09-24 20:00:00,161.5274
2011-09-24 21:00:00,177.04242
2011-09-24 22:00:00,157.50063
2011-09-24 23:00:00,163.7561
2011-09-25 00:00:00,152.79602
2011-09-25 01:00:00,165.85132
2011-09-25 02:00:00,151.962
2011-09-25 03:00:00,151.962
2011-09-25 04:00:00,161.22342
2011-09-25 05:00:00,153.83382
2011-09-25 06:00:00,165.85132
2011-09-25 07:00:00,153.90991
2011-09-25 08:00:00,157.50063
2011-09-25 09:00:00,183.57544
2011-09-25 10:00:00,183.57544
2011-09-25 11:00:00,238.93727
2011-09-25 12:00:00,217.8218
2011-09-25 13:00:00,246.44821
2011-09-25 14:00:00,217.8218
2011-09-25 15:00:00,217.8218
2011-09-25 16:00:00,254.5518
2011-09-25 17:00:00,227.6579
2011-09-25 18:00:00,227.6579
2011-09-25 19:00:00,189.24619
2011-09-25 20:00:00,180.85765
2011-09-25 21:00:00,148.44093
2011-09-25 22:00:00,158.14125
2011-09-25 23:00:00,157.61018
2011-09-26 00:00:00,152.52383
2011-09-26 01:00:00,180.61232
2011-09-26 02:00:00,180.61232
2011-09-26 03:00:00,152.52383
2011-09-26 04:00:00,159.01059
2011-09-26 05:00:00,165.74191
2011-09-26 06:00:00,159.01059
2011-09-26 07:00:00,152.52383
2011-09-26 08:00:00,152.52383
2011-09-26 09:00:00,196.43027
2011-09-26 10:00:00,196.43027
2011-09-26 11:00:00,251.41919
2011-09-26 12:00:00,255.53137
2011-09-26 13:00:00,283.65494
2011-09-26 14:00:00,281.74118
2011-09-26 15:00:00,319.07104
2011-09-26 16:00:00,300.0952
2011-09-26 17:00:00,276.19516
2011-09-26 18:00:00,206.52057
2011-09-26 19:00:00,208.17484
2011-09-26 20:00:00,173.45998
2011-09-26 21:00:00,173.45998
2011-09-26 22:00:00,156.61084
2011-09-26 23:00:00,156.61084
2011-09-27 00:00:00,156.61084
2011-09-27 01:00:00,160.42183
2011-09-27 02:00:00,152.85773
2011-09-27 03:00:00,152.52383
2011-09-27 04:00:00,169.11673
2011-09-27 05:00:00,169.11673
2011-09-27 06:00:00,160.72623
2011-09-27 07:00:00,160.72623
2011-09-27 08:00:00,183.66028
2011-09-27 09:00:00,210.26201
2011-09-27 10:00:00,184.74066
2011-09-27 11:00:00,191.3085
2011-09-27 12:00:00,195.51218
2011-09-27 13:00:00,292.34088
2011-09-27 14:00:00,246.45679
2011-09-27 15:00:00,229.22568
2011-09-27 16:00:00,232.98312
2011-09-27 17:00:00,203.47125
2011-09-27 18:00:00,197.39987
2011-09-27 19:00:00,188.022
2011-09-27 20:00:00,197.64403
2011-09-27 21:00:00,165.41206
2011-09-27 22:00:00,159.16557
2011-09-27 23:00:00,159.16557
2011-09-28 00:00:00,149.71637
2011-09-28 01:00:00,149.71637
2011-09-28 02:00:00,176.53674
2011-09-28 03:00:00,154.07413
2011-09-28 04:00:00,149.71637
2011-09-28 05:00:00,148.37955
2011-09-28 06:00:00,169.32446
2011-09-28 07:00:00,169.32446
2011-09-28 08:00:00,179.1297
2011-09-28 09:00:00,179.1297
2011-09-28 10:00:00,152.52383
2011-09-28 11:00:00,221.43784
2011-09-28 12:00:00,231.2471
2011-09-28 13:00:00,284.24628
2011-09-28 14:00:00,332.90692
2011-09-28 15:00:00,276.19516
2011-09-28 16:00:00,286.8706
2011-09-28 17:00:00,291.49274
2011-09-28 18:00:00,252.25761
2011-09-28 19:00:00,252.25761
2011-09-28 20:00:00,222.38051
2011-09-28 21:00:00,197.45172
2011-09-28 22:00:00,159.16557
2011-09-28 23:00:00,151.16104
2011-09-29 00:00:00,154.12134
2011-09-29 01:00:00,149.56973
2011-09-29 02:00:00,149.56973
2011-09-29 03:00:00,160.7607
2011-09-29 04:00:00,184.55046
2011-09-29 05:00:00,173.53712
2011-09-29 06:00:00,171.20058
2011-09-29 07:00:00,165.3996
2011-09-29 08:00:00,165.41206
2011-09-29 09:00:00,236.6202
2011-09-29 10:00:00,285.79248
2011-09-29 11:00:00,296.2398
2011-09-29 12:00:00,302.3062
2011-09-29 13:00:00,303.03204
2011-09-29 14:00:00,361.9367
2011-09-29 15:00:00,399.18207
2011-09-29 16:00:00,408.42987
2011-09-29 17:00:00,369.9001
2011-09-29 18:00:00,376.96393
2011-09-29 19:00:00,327.0149
2011-09-29 20:00:00,315.28387
2011-09-29 21:00:00,268.75616
2011-09-29 22:00:00,216.06274
2011-09-29 23:00:00,182.08476
2011-09-30 00:00:00,156.54428
2011-09-30 01:00:00,179.48853
2011-09-30 02:00:00,156.54428
2011-09-30 03:00:00,156.54428
2011-09-30 04:00:00,165.2346
2011-09-30 05:00:00,165.23462
2011-09-30 06:00:00,166.95084
2011-09-30 07:00:00,166.95084
2011-09-30 08:00:00,193.93753
2011-09-30 09:00:00,226.63104
2011-09-30 10:00:00,255.27087
2011-09-30 11:00:00,305.6864
2011-09-30 12:00:00,332.87927
2011-09-30 13:00:00,387.82288
2011-09-30 14:00:00,381.2464
2011-09-30 15:00:00,354.52795
2011-09-30 16:00:00,334.26636
2011-09-30 17:00:00,330.96088
2011-09-30 18:00:00,331.76315
2011-09-30 19:00:00,304.0753
2011-09-30 20:00:00,304.0753
2011-09-30 21:00:00,280.97717
2011-09-30 22:00:00,282.5147
2011-09-30 23:00:00,282.5147
2011-10-20 00:00:00,158.46262
2011-10-20 01:00:00,173.35327
2011-10-20 02:00:00,178.36163
2011-10-20 03:00:00,175.46977
2011-10-20 04:00:00,175.46977
2011-10-20 05:00:00,163.76978
2011-10-20 06:00:00,155.36525
2011-10-20 07:00:00,160.62741
2011-10-20 08:00:00,188.36292
2011-10-20 09:00:00,179.70633
2011-10-20 10:00:00,233.46735
2011-10-20 11:00:00,236.7804
2011-10-20 12:00:00,257.66376
2011-10-20 13:00:00,264.05313
2011-10-20 14:00:00,255.53024
2011-10-20 15:00:00,273.66287
2011-10-20 16:00:00,273.66287
2011-10-20 17:00:00,298.09576
2011-10-20 18:00:00,287.01163
2011-10-20 19:00:00,271.09558
2011-10-20 20:00:00,284.25916
2011-10-20 21:00:00,266.0177
2011-10-20 22:00:00,264.29465
2011-10-20 23:00:00,231.0292
2011-10-21 00:00:00,204.70786
2011-10-21 01:00:00,205.7871
2011-10-21 02:00:00,179.4576
2011-10-21 03:00:00,138.42194
2011-10-21 04:00:00,139.0817
2011-10-21 05:00:00,122.7992
2011-10-21 06:00:00,139.0817
2011-10-21 07:00:00,139.0817
2011-10-21 08:00:00,206.93985
2011-10-21 09:00:00,247.0101
2011-10-21 10:00:00,274.37177
2011-10-21 11:00:00,312.58527
2011-10-21 12:00:00,315.17584
2011-10-21 13:00:00,293.0362
2011-10-21 14:00:00,337.29993
2011-10-21 15:00:00,316.147
2011-10-21 16:00:00,315.57028
2011-10-21 17:00:00,290.82162
2011-10-21 18:00:00,268.89215
2011-10-21 19:00:00,258.21393
2011-10-21 20:00:00,271.62366
2011-10-21 21:00:00,235.08263
2011-10-21 22:00:00,251.62538
2011-10-21 23:00:00,205.7871
2011-10-22 00:00:00,195.08308
2011-10-22 01:00:00,195.08308
2011-10-22 02:00:00,193.39133
2011-10-22 03:00:00,197.38194
2011-10-22 04:00:00,166.87666
2011-10-22 05:00:00,154.64706
2011-10-22 06:00:00,128.20784
2011-10-22 07:00:00,121.222626
2011-10-22 08:00:00,138.5115
2011-10-22 09:00:00,178.70688
2011-10-22 10:00:00,228.98495
2011-10-22 11:00:00,228.98495
2011-10-22 12:00:00,248.64474
2011-10-22 13:00:00,295.66843
2011-10-22 14:00:00,311.5877
2011-10-22 15:00:00,282.2095
2011-10-22 16:00:00,314.91992
2011-10-22 17:00:00,253.4177
2011-10-22 18:00:00,246.23575
2011-10-22 19:00:00,171.39883
2011-10-22 20:00:00,164.1706
2011-10-22 21:00:00,126.77723
2011-10-22 22:00:00,126.77723
2011-10-22 23:00:00,117.06638
2011-10-23 00:00:00,109.0612
2011-10-23 01:00:00,109.0612
2011-10-23 02:00:00,100.23987
2011-10-23 03:00:00,105.35212
2011-10-23 04:00:00,105.35212
2011-10-23 05:00:00,101.65374
2011-10-23 06:00:00,96.38192
2011-10-23 07:00:00,100.23987
2011-10-23 08:00:00,102.425385
2011-10-23 09:00:00,126.77723
2011-10-23 10:00:00,158.54684
2011-10-23 11:00:00,173.77818
2011-10-23 12:00:00,253.20964
2011-10-23 13:00:00,280.20032
2011-10-23 14:00:00,282.14703
2011-10-23 15:00:00,290.7586
2011-10-23 16:00:00,280.20032
2011-10-23 17:00:00,233.78719
2011-10-23 18:00:00,230.10812
2011-10-23 19:00:00,135.95209
2011-10-23 20:00:00,161.39914
2011-10-23 21:00:00,161.39914
2011-10-23 22:00:00,137.38895
2011-10-23 23:00:00,141.25073
2011-10-24 00:00:00,134.52122
2011-10-24 01:00:00,130.68521
2011-10-24 02:00:00,122.46192
2011-10-24 03:00:00,128.89177
2011-10-24 04:00:00,124.23568
2011-10-24 05:00:00,116.40569
2011-10-24 06:00:00,122.46192
2011-10-24 07:00:00,114.90575
2011-10-24 08:00:00,133.49799
2011-10-24 09:00:00,149.69179
2011-10-24 10:00:00,159.21161
2011-10-24 11:00:00,218.31415
2011-10-24 12:00:00,235.70737
2011-10-24 13:00:00,271.31232
2011-10-24 14:00:00,268.34662
2011-10-24 15:00:00,272.65945
2011-10-24 16:00:00,254.7056
2011-10-24 17:00:00,224.6628
2011-10-24 18:00:00,256.25632
2011-10-24 19:00:00,161.64987
2011-10-24 20:00:00,149.22696
2011-10-24 21:00:00,135.75679
2011-10-24 22:00:00,182.35759
2011-10-24 23:00:00,156.9343
2011-10-25 00:00:00,154.75096
2011-10-25 01:00:00,154.75096
2011-10-25 02:00:00,135.45465
2011-10-25 03:00:00,119.47517
2011-10-25 04:00:00,118.749275
2011-10-25 05:00:00,118.749275
2011-10-25 06:00:00,124.61019
2011-10-25 07:00:00,145.91647
2011-10-25 08:00:00,158.43137
2011-10-25 09:00:00,271.19666
2011-10-25 10:00:00,293.58527
2011-10-25 11:00:00,312.30048
2011-10-25 12:00:00,355.4438
2011-10-25 13:00:00,370.22104
2011-10-25 14:00:00,352.8684
2011-10-25 15:00:00,343.85794
2011-10-25 16:00:00,354.9591
2011-10-25 17:00:00,343.85794
2011-10-25 18:00:00,314.80157
2011-10-25 19:00:00,220.4403
2011-10-25 20:00:00,204.70006
2011-10-25 21:00:00,178.7656
2011-10-25 22:00:00,211.51447
2011-10-25 23:00:00,178.7656
2011-10-26 00:00:00,177.48758
2011-10-26 01:00:00,200.22144
2011-10-26 02:00:00,202.91495
2011-10-26 03:00:00,201.2012
2011-10-26 04:00:00,173.57413
2011-10-26 05:00:00,173.36421
2011-10-26 06:00:00,173.36421
2011-10-26 07:00:00,173.70544
2011-10-26 08:00:00,214.03514
2011-10-26 09:00:00,248.89058
2011-10-26 10:00:00,269.79056
2011-10-26 11:00:00,267.0589
2011-10-26 12:00:00,340.26886
2011-10-26 13:00:00,295.7603
2011-10-26 14:00:00,181.09317
2011-10-26 15:00:00,181.09317
2011-10-26 16:00:00,194.50563
2011-10-26 17:00:00,196.64331
2011-10-26 18:00:00,190.77734
2011-10-26 19:00:00,141.76485
2011-10-26 20:00:00,134.4603
2011-10-26 21:00:00,181.09317
2011-10-26 22:00:00,143.86256
2011-10-26 23:00:00,143.86256
2011-10-27 00:00:00,123.221825
2011-10-27 01:00:00,123.221825
2011-10-27 02:00:00,135.00351
2011-10-27 03:00:00,135.00351
2011-10-27 04:00:00,144.41217
2011-10-27 05:00:00,152.56717
2011-10-27 06:00:00,168.7118
2011-10-27 07:00:00,132.61963
2011-10-27 08:00:00,156.36618
2011-10-27 09:00:00,171.07864
2011-10-27 10:00:00,162.30795
2011-10-27 11:00:00,160.60144
2011-10-27 12:00:00,160.60144
2011-10-27 13:00:00,152.90636
2011-10-27 14:00:00,155.35678
2011-10-27 15:00:00,169.27414
2011-10-27 16:00:00,235.99515
2011-10-27 17:00:00,212.99057
2011-10-27 18:00:00,220.74152
2011-10-27 19:00:00,202.0133
2011-10-27 20:00:00,184.19977
2011-10-27 21:00:00,182.94708
2011-10-27 22:00:00,142.22867
2011-10-27 23:00:00,158.81549
2011-10-28 00:00:00,149.18825
2011-10-28 01:00:00,141.72124
2011-10-28 02:00:00,142.8126
2011-10-28 03:00:00,125.11402
2011-10-28 04:00:00,138.91583
2011-10-28 05:00:00,163.72034
2011-10-28 06:00:00,130.40826
2011-10-28 07:00:00,130.40826
2011-10-28 08:00:00,153.05289
2011-10-28 09:00:00,179.02106
2011-10-28 10:00:00,188.59103
2011-10-28 11:00:00,231.85883
2011-10-28 12:00:00,300.73325
2011-10-28 13:00:00,294.52515
2011-10-28 14:00:00,266.74387
2011-10-28 15:00:00,270.34906
2011-10-28 16:00:00,269.33795
2011-10-28 17:00:00,253.8967
2011-10-28 18:00:00,237.39517
2011-10-28 19:00:00,253.8967
2011-10-28 20:00:00,195.07394
2011-10-28 21:00:00,151.28275
2011-10-28 22:00:00,128.76265
2011-10-28 23:00:00,117.96005
2011-10-29 00:00:00,100.919426
2011-10-29 01:00:00,105.17693
2011-10-29 02:00:00,105.17693
2011-10-29 03:00:00,110.58814
2011-10-29 04:00:00,110.58814
2011-10-29 05:00:00,89.628075
2011-10-29 06:00:00,93.497826
2011-10-29 07:00:00,93.497826
2011-10-29 08:00:00,99.8941
2011-10-29 09:00:00,99.8941
2011-10-29 10:00:00,90.71723
2011-10-29 11:00:00,88.71934
2011-10-29 12:00:00,83.2239
2011-10-29 13:00:00,81.47237
2011-10-29 14:00:00,86.00971
2011-10-29 15:00:00,87.1046
2011-10-29 16:00:00,84.64091
2011-10-29 17:00:00,84.64091
2011-10-29 18:00:00,84.64091
2011-10-29 19:00:00,83.60956
2011-10-29 20:00:00,83.60956
2011-10-29 21:00:00,83.609566
2011-10-29 22:00:00,81.814995
2011-10-29 23:00:00,82.619064
2011-10-30 00:00:00,81.814995
2011-10-30 01:00:00,82.245
2011-10-30 02:00:00,82.77079
2011-10-30 03:00:00,94.586555
2011-10-30 04:00:00,85.687454
2011-10-30 05:00:00,95.97
2011-10-30 06:00:00,95.726875
2011-10-30 07:00:00,98.68864
2011-10-30 08:00:00,108.14861
2011-10-30 09:00:00,130.51715
2011-10-30 10:00:00,159.43979
2011-10-30 11:00:00,209.49504
2011-10-30 12:00:00,244.08499
2011-10-30 13:00:00,282.28705
2011-10-30 14:00:00,314.505
2011-10-30 15:00:00,322.65375
2011-10-30 16:00:00,328.4754
2011-10-30 17:00:00,309.453
2011-10-30 18:00:00,274.48926
2011-10-30 19:00:00,324.90436
2011-10-30 20:00:00,185.34456
2011-10-30 21:00:00,133.488
2011-10-30 22:00:00,110.25816
2011-10-30 23:00:00,92.42425
2011-10-31 00:00:00,98.6363
2011-10-31 01:00:00,102.82241
2011-10-31 02:00:00,96.26702
2011-10-31 03:00:00,91.59396
2011-10-31 04:00:00,96.26702
2011-10-31 05:00:00,93.22356
2011-10-31 06:00:00,96.26702
2011-10-31 07:00:00,95.105
2011-10-31 08:00:00,105.89898
2011-10-31 09:00:00,123.34611
2011-10-31 10:00:00,218.31445
2011-10-31 11:00:00,257.927
2011-10-31 12:00:00,290.25812
2011-10-31 13:00:00,310.48544
2011-10-31 14:00:00,299.89517
2011-10-31 15:00:00,281.8802
2011-10-31 16:00:00,251.62538
2011-10-31 17:00:00,248.46085
2011-10-31 18:00:00,185.80188
2011-10-31 19:00:00,185.80188
2011-10-31 20:00:00,185.80188
2011-10-31 21:00:00,135.7219
2011-10-31 22:00:00,135.7219
2011-10-31 23:00:00,135.7219
2011-11-20 00:00:00,166.21219
2011-11-20 01:00:00,193.39133
2011-11-20 02:00:00,193.3136
2011-11-20 03:00:00,186.93936
2011-11-20 04:00:00,167.8359
2011-11-20 05:00:00,191.12198
2011-11-20 06:00:00,190.49402
2011-11-20 07:00:00,179.77432
2011-11-20 08:00:00,175.28412
2011-11-20 09:00:00,165.08458
2011-11-20 10:00:00,178.71597
2011-11-20 11:00:00,246.13986
2011-11-20 12:00:00,249.1023
2011-11-20 13:00:00,281.31522
2011-11-20 14:00:00,244.53261
2011-11-20 15:00:00,234.59802
2011-11-20 16:00:00,255.81638
2011-11-20 17:00:00,260.1169
2011-11-20 18:00:00,264.11597
2011-11-20 19:00:00,203.04767
2011-11-20 20:00:00,230.22513
2011-11-20 21:00:00,168.05623
2011-11-20 22:00:00,140.91681
2011-11-20 23:00:00,140.91681
2011-11-21 00:00:00,128.659
2011-11-21 01:00:00,141.05045
2011-11-21 02:00:00,127.6021
2011-11-21 03:00:00,126.913284
2011-11-21 04:00:00,126.913284
2011-11-21 05:00:00,121.93558
2011-11-21 06:00:00,119.66077
2011-11-21 07:00:00,133.77582
2011-11-21 08:00:00,128.659
2011-11-21 09:00:00,137.15826
2011-11-21 10:00:00,155.35678
2011-11-21 11:00:00,169.27414
2011-11-21 12:00:00,192.91733
2011-11-21 13:00:00,192.91733
2011-11-21 14:00:00,163.84824
2011-11-21 15:00:00,137.7782
2011-11-21 16:00:00,137.7782
2011-11-21 17:00:00,136.6553
2011-11-21 18:00:00,140.4902
2011-11-21 19:00:00,126.88282
2011-11-21 20:00:00,138.53981
2011-11-21 21:00:00,136.0241
2011-11-21 22:00:00,135.02336
2011-11-21 23:00:00,136.0241
2011-11-22 00:00:00,120.43456
2011-11-22 01:00:00,125.0135
2011-11-22 02:00:00,114.582275
2011-11-22 03:00:00,114.582275
2011-11-22 04:00:00,121.010056
2011-11-22 05:00:00,121.010056
2011-11-22 06:00:00,114.90575
2011-11-22 07:00:00,123.71116
2011-11-22 08:00:00,123.71116
2011-11-22 09:00:00,125.85135
2011-11-22 10:00:00,125.85135
2011-11-22 11:00:00,125.0135
2011-11-22 12:00:00,118.7595
2011-11-22 13:00:00,122.5422
2011-11-22 14:00:00,122.5422
2011-11-22 15:00:00,131.72339
2011-11-22 16:00:00,131.72339
2011-11-22 17:00:00,126.93644
2011-11-22 18:00:00,127.426605
2011-11-22 19:00:00,138.51816
2011-11-22 20:00:00,128.22142
2011-11-22 21:00:00,129.68698
2011-11-22 22:00:00,144.70074
2011-11-22 23:00:00,143.0411
2011-11-23 00:00:00,143.0411
2011-11-23 01:00:00,145.30112
2011-11-23 02:00:00,157.7976
2011-11-23 03:00:00,157.7976
2011-11-23 04:00:00,175.20718
2011-11-23 05:00:00,135.45114
2011-11-23 06:00:00,121.93558
2011-11-23 07:00:00,126.16497
2011-11-23 08:00:00,137.15826
2011-11-23 09:00:00,149.38812
2011-11-23 10:00:00,149.38812
2011-11-23 11:00:00,215.54279
2011-11-23 12:00:00,260.9675
2011-11-23 13:00:00,232.93591
2011-11-23 14:00:00,224.51758
2011-11-23 15:00:00,234.18216
2011-11-23 16:00:00,197.43222
2011-11-23 17:00:00,177.4444
2011-11-23 18:00:00,197.7573
2011-11-23 19:00:00,206.83957
2011-11-23 20:00:00,171.53433
2011-11-23 21:00:00,172.10352
2011-11-23 22:00:00,153.96655
2011-11-23 23:00:00,164.5157
2011-11-24 00:00:00,173.88828
2011-11-24 01:00:00,157.33026
2011-11-24 02:00:00,151.79059
2011-11-24 03:00:00,127.615486
2011-11-24 04:00:00,158.86795
2011-11-24 05:00:00,158.19296
2011-11-24 06:00:00,158.86795
2011-11-24 07:00:00,100.75249
2011-11-24 08:00:00,138.25452
2011-11-24 09:00:00,171.6933
2011-11-24 10:00:00,203.83766
2011-11-24 11:00:00,305.60648
2011-11-24 12:00:00,352.06537
2011-11-24 13:00:00,369.0539
2011-11-24 14:00:00,386.5998
2011-11-24 15:00:00,384.753
2011-11-24 16:00:00,375.4895
2011-11-24 17:00:00,353.9702
2011-11-24 18:00:00,268.89032
2011-11-24 19:00:00,246.52194
2011-11-24 20:00:00,126.82521
2011-11-24 21:00:00,137.58806
2011-11-24 22:00:00,137.58806
2011-11-24 23:00:00,121.04277
2011-11-25 00:00:00,121.66398
2011-11-25 01:00:00,120.42616
2011-11-25 02:00:00,99.97504
2011-11-25 03:00:00,106.95975
2011-11-25 04:00:00,114.2006
2011-11-25 05:00:00,112.38914
2011-11-25 06:00:00,96.864235
2011-11-25 07:00:00,102.82241
2011-11-25 08:00:00,97.34403
2011-11-25 09:00:00,117.218605
2011-11-25 10:00:00,139.0817
2011-11-25 11:00:00,187.48814
2011-11-25 12:00:00,267.9944
2011-11-25 13:00:00,312.58527
2011-11-25 14:00:00,339.80072
2011-11-25 15:00:00,345.94476
2011-11-25 16:00:00,325.84265
2011-11-25 17:00:00,335.01117
2011-11-25 18:00:00,288.16687
2011-11-25 19:00:00,175.51373
2011-11-25 20:00:00,220.28343
2011-11-25 21:00:00,136.64807
2011-11-25 22:00:00,134.60403
2011-11-25 23:00:00,122.114784
2011-11-26 00:00:00,116.27725
2011-11-26 01:00:00,111.11581
2011-11-26 02:00:00,99.601974
2011-11-26 03:00:00,103.72451
2011-11-26 04:00:00,103.72451
2011-11-26 05:00:00,108.35941
2011-11-26 06:00:00,114.147224
2011-11-26 07:00:00,88.097786
2011-11-26 08:00:00,111.11581
2011-11-26 09:00:00,115.684006
2011-11-26 10:00:00,114.830925
2011-11-26 11:00:00,197.6206
2011-11-26 12:00:00,246.63953
2011-11-26 13:00:00,293.03864
2011-11-26 14:00:00,306.16196
2011-11-26 15:00:00,331.80533
2011-11-26 16:00:00,303.17755
2011-11-26 17:00:00,303.17755
2011-11-26 18:00:00,219.32324
2011-11-26 19:00:00,164.66858
2011-11-26 20:00:00,227.12006
2011-11-26 21:00:00,123.252174
2011-11-26 22:00:00,131.31546
2011-11-26 23:00:00,114.830925
2011-11-27 00:00:00,114.830925
2011-11-27 01:00:00,114.830925
2011-11-27 02:00:00,111.46101
2011-11-27 03:00:00,105.35212
2011-11-27 04:00:00,99.96776
2011-11-27 05:00:00,104.51597
2011-11-27 06:00:00,121.96177
2011-11-27 07:00:00,116.830345
2011-11-27 08:00:00,133.195
2011-11-27 09:00:00,177.33887
2011-11-27 10:00:00,177.33887
2011-11-27 11:00:00,233.77487
2011-11-27 12:00:00,282.09647
2011-11-27 13:00:00,265.8343
2011-11-27 14:00:00,393.51465
2011-11-27 15:00:00,386.91763
2011-11-27 16:00:00,313.19492
2011-11-27 17:00:00,283.3742
2011-11-27 18:00:00,236.62665
2011-11-27 19:00:00,207.36539
2011-11-27 20:00:00,235.45956
2011-11-27 21:00:00,206.81558
2011-11-27 22:00:00,184.41766
2011-11-27 23:00:00,184.41766
2011-11-28 00:00:00,168.0166
2011-11-28 01:00:00,168.7319
2011-11-28 03:00:00,135.53802
2011-11-28 04:00:00,138.00407
2011-11-28 05:00:00,119.47517
2011-11-28 06:00:00,133.55695
2011-11-28 07:00:00,121.76162
2011-11-28 08:00:00,122.47324
2011-11-28 09:00:00,140.9327
2011-11-28 10:00:00,185.56607
2011-11-28 11:00:00,235.70737
2011-11-28 12:00:00,264.4675
2011-11-28 13:00:00,285.68304
2011-11-28 14:00:00,291.01062
2011-11-28 15:00:00,278.2968
2011-11-28 16:00:00,275.49945
2011-11-28 17:00:00,294.48322
2011-11-28 18:00:00,265.36993
2011-11-28 19:00:00,219.24097
2011-11-28 20:00:00,230.29733
2011-11-28 21:00:00,211.61472
2011-11-28 22:00:00,169.27414
2011-11-28 23:00:00,173.85129
2011-11-29 00:00:00,144.22064
2011-11-29 01:00:00,154.09215
2011-11-29 02:00:00,140.77008
2011-11-29 03:00:00,140.77008
2011-11-29 04:00:00,180.9649
2011-11-29 05:00:00,152.45671
2011-11-29 06:00:00,170.15222
2011-11-29 07:00:00,189.9818
2011-11-29 08:00:00,199.0859
2011-11-29 09:00:00,247.86255
2011-11-29 10:00:00,247.86255
2011-11-29 11:00:00,166.5025
2011-11-29 12:00:00,160.63147
2011-11-29 13:00:00,171.60353
2011-11-29 14:00:00,126.88283
2011-11-29 15:00:00,143.26576
2011-11-29 16:00:00,138.5398
2011-11-29 17:00:00,136.72948
2011-11-29 18:00:00,143.93922
2011-11-29 19:00:00,145.42964
2011-11-29 20:00:00,129.95424
2011-11-29 21:00:00,129.95424
2011-11-29 22:00:00,134.02509
2011-11-29 23:00:00,132.89594
2011-11-30 00:00:00,169.24362
2011-11-30 01:00:00,148.41699
2011-11-30 02:00:00,129.34991
2011-11-30 03:00:00,129.34991
2011-11-30 04:00:00,113.53793
2011-11-30 05:00:00,99.69814
2011-11-30 06:00:00,93.6329
2011-11-30 07:00:00,96.864235
2011-11-30 08:00:00,99.69814
2011-11-30 09:00:00,116.34251
2011-11-30 10:00:00,148.49689
2011-11-30 11:00:00,228.3855
2011-11-30 12:00:00,224.80692
2011-11-30 13:00:00,271.09476
2011-11-30 14:00:00,271.09476
2011-11-30 15:00:00,237.02228
2011-11-30 16:00:00,241.06058
2011-11-30 17:00:00,222.29794
2011-11-30 18:00:00,212.43167
2011-11-30 19:00:00,189.20709
2011-11-30 20:00:00,189.20709
2011-11-30 21:00:00,177.96246
2011-11-30 22:00:00,169.37071
2011-11-30 23:00:00,177.31241
2011-12-20 00:00:00,209.41328
2011-12-20 01:00:00,218.82928
2011-12-20 02:00:00,194.97342
2011-12-20 03:00:00,194.97342
2011-12-20 04:00:00,242.00288
2011-12-20 05:00:00,219.43893
2011-12-20 06:00:00,219.4389
2011-12-20 07:00:00,197.06555
2011-12-20 08:00:00,258.89346
2011-12-20 09:00:00,177.31744
2011-12-20 10:00:00,246.97705
2011-12-20 11:00:00,220.88812
2011-12-20 12:00:00,269.5506
2011-12-20 13:00:00,269.5506
2011-12-20 14:00:00,250.39366
2011-12-20 15:00:00,253.56151
2011-12-20 16:00:00,237.3132
2011-12-20 17:00:00,208.0824
2011-12-20 18:00:00,178.81992
2011-12-20 19:00:00,166.72797
2011-12-20 20:00:00,159.56491
2011-12-20 21:00:00,167.19455
2011-12-20 22:00:00,177.31744
2011-12-20 23:00:00,204.08427
2011-12-21 00:00:00,86.696556
2011-12-21 01:00:00,98.36968
2011-12-21 02:00:00,90.415596
2011-12-21 03:00:00,90.415596
2011-12-21 04:00:00,90.415596
2011-12-21 05:00:00,90.35008
2011-12-21 06:00:00,87.6683
2011-12-21 07:00:00,85.115875
2011-12-21 08:00:00,90.34132
2011-12-21 09:00:00,90.498825
2011-12-21 10:00:00,120.34867
2011-12-21 11:00:00,120.34867
2011-12-21 12:00:00,108.885414
2011-12-21 13:00:00,96.14065
2011-12-21 14:00:00,109.5039
2011-12-21 15:00:00,110.71473
2011-12-21 16:00:00,93.879005
2011-12-21 17:00:00,93.879005
2011-12-21 18:00:00,91.31167
2011-12-21 19:00:00,105.54712
2011-12-21 20:00:00,106.83057
2011-12-21 21:00:00,107.639534
2011-12-21 22:00:00,106.74796
2011-12-21 23:00:00,106.0959
2011-12-22 00:00:00,113.68688
2011-12-22 01:00:00,91.19369
2011-12-22 02:00:00,105.812065
2011-12-22 03:00:00,114.41284
2011-12-22 04:00:00,86.658165
2011-12-22 05:00:00,85.79584
2011-12-22 06:00:00,84.9645
2011-12-22 07:00:00,83.64623
2011-12-22 08:00:00,87.6683
2011-12-22 09:00:00,88.538956
2011-12-22 10:00:00,94.16745
2011-12-22 11:00:00,98.80801
2011-12-22 12:00:00,128.03285
2011-12-22 13:00:00,111.282295
2011-12-22 14:00:00,111.282295
2011-12-22 15:00:00,117.32455
2011-12-22 16:00:00,111.282295
2011-12-22 17:00:00,118.88204
2011-12-22 18:00:00,117.447
2011-12-22 19:00:00,108.86721
2011-12-22 20:00:00,104.68897
2011-12-22 21:00:00,104.68897
2011-12-22 22:00:00,87.03994
2011-12-22 23:00:00,93.78557
2011-12-23 00:00:00,94.04557
2011-12-23 01:00:00,94.04557
2011-12-23 02:00:00,89.65242
2011-12-23 03:00:00,89.65242
2011-12-23 04:00:00,88.00357
2011-12-23 05:00:00,79.722984
2011-12-23 06:00:00,86.41633
2011-12-23 07:00:00,86.66238
2011-12-23 08:00:00,96.34989
2011-12-23 09:00:00,112.487206
2011-12-23 10:00:00,121.64478
2011-12-23 11:00:00,122.9029
2011-12-23 12:00:00,123.860306
2011-12-23 13:00:00,137.67618
2011-12-23 14:00:00,132.43889
2011-12-23 15:00:00,128.84294
2011-12-23 16:00:00,139.17537
2011-12-23 17:00:00,109.22169
2011-12-23 18:00:00,113.39396
2011-12-23 19:00:00,102.64611
2011-12-23 20:00:00,88.909256
2011-12-23 21:00:00,86.040504
2011-12-23 22:00:00,82.400116
2011-12-23 23:00:00,85.23899
2011-12-24 00:00:00,76.87502
2011-12-24 01:00:00,82.19793
2011-12-24 02:00:00,81.80502
2011-12-24 03:00:00,78.94389
2011-12-24 04:00:00,80.06759
2011-12-24 05:00:00,80.06759
2011-12-24 06:00:00,72.25486
2011-12-24 07:00:00,70.10708
2011-12-24 08:00:00,66.756226
2011-12-24 09:00:00,88.3505
2011-12-24 10:00:00,83.3335
2011-12-24 11:00:00,110.70458
2011-12-24 12:00:00,133.76239
2011-12-24 13:00:00,126.656815
2011-12-24 14:00:00,126.656815
2011-12-24 15:00:00,123.20017
2011-12-24 16:00:00,115.1538
2011-12-24 17:00:00,91.08558
2011-12-24 18:00:00,101.49297
2011-12-24 19:00:00,87.55378
2011-12-24 20:00:00,72.217705
2011-12-24 21:00:00,70.13093
2011-12-24 22:00:00,74.06246
2011-12-24 23:00:00,69.17335
2011-12-25 00:00:00,63.376217
2011-12-25 01:00:00,61.850357
2011-12-25 02:00:00,64.329834
2011-12-25 03:00:00,67.455734
2011-12-25 05:00:00,61.141212
2011-12-25 06:00:00,61.141212
2011-12-25 07:00:00,62.716534
2011-12-25 08:00:00,59.010796
2011-12-25 09:00:00,62.253544
2011-12-25 10:00:00,62.177773
2011-12-25 11:00:00,70.67055
2011-12-25 12:00:00,66.85792
2011-12-25 13:00:00,72.9688
2011-12-25 14:00:00,87.570435
2011-12-25 15:00:00,87.18882
2011-12-25 16:00:00,96.16278
2011-12-25 17:00:00,84.37588
2011-12-25 18:00:00,73.441
2011-12-25 19:00:00,87.670525
2011-12-25 20:00:00,96.47368
2011-12-25 21:00:00,81.18411
2011-12-25 22:00:00,69.93679
2011-12-25 23:00:00,67.230125
2011-12-26 00:00:00,60.81977
2011-12-26 01:00:00,78.45197
2011-12-26 02:00:00,111.85824
2011-12-26 04:00:00,109.95568
2011-12-26 05:00:00,110.28381
2011-12-26 06:00:00,109.12618
2011-12-26 07:00:00,109.193474
2011-12-26 08:00:00,108.48693
2011-12-26 09:00:00,109.95568
2011-12-26 10:00:00,94.26505
2011-12-26 11:00:00,86.32873
2011-12-26 12:00:00,110.33773
2011-12-26 13:00:00,171.73347
2011-12-26 14:00:00,166.3012
2011-12-26 15:00:00,173.022
2011-12-26 16:00:00,132.27373
2011-12-26 17:00:00,111.85824
2011-12-26 18:00:00,98.59321
2011-12-26 19:00:00,75.54682
2011-12-26 20:00:00,84.72468
2011-12-26 21:00:00,71.16837
2011-12-26 22:00:00,71.16837
2011-12-26 23:00:00,66.74593
2011-12-27 00:00:00,71.344795
2011-12-27 01:00:00,72.88697
2011-12-27 02:00:00,72.88697
2011-12-27 03:00:00,86.26428
2011-12-27 04:00:00,81.88717
2011-12-27 05:00:00,80.88242
2011-12-27 06:00:00,83.719536
2011-12-27 07:00:00,82.854256
2011-12-27 08:00:00,83.70132
2011-12-27 09:00:00,94.397316
2011-12-27 10:00:00,89.72355
2011-12-27 11:00:00,94.397316
2011-12-27 12:00:00,82.54858
2011-12-27 13:00:00,80.18614
2011-12-27 14:00:00,104.92311
2011-12-27 15:00:00,104.92311
2011-12-27 16:00:00,102.494446
2011-12-27 17:00:00,94.243355
2011-12-27 18:00:00,84.51682
2011-12-27 19:00:00,78.68687
2011-12-27 20:00:00,78.606514
2011-12-27 21:00:00,79.01943
2011-12-27 22:00:00,79.01943
2011-12-27 23:00:00,74.90276
2011-12-28 00:00:00,76.732285
2011-12-28 01:00:00,77.80592
2011-12-28 02:00:00,87.015015
2011-12-28 03:00:00,87.015015
2011-12-28 05:00:00,89.5088
2011-12-28 06:00:00,92.436966
2011-12-28 07:00:00,92.43697
2011-12-28 08:00:00,89.5088
2011-12-28 09:00:00,94.11959
2011-12-28 10:00:00,95.63246
2011-12-28 11:00:00,123.309975
2011-12-28 12:00:00,91.00355
2011-12-28 13:00:00,109.613396
2011-12-28 14:00:00,113.68343
2011-12-28 15:00:00,116.991554
2011-12-28 16:00:00,107.884865
2011-12-28 17:00:00,116.54897
2011-12-28 18:00:00,90.12109
2011-12-28 19:00:00,89.33195
2011-12-28 20:00:00,90.29745
2011-12-28 21:00:00,81.432045
2011-12-28 22:00:00,83.43618
2011-12-28 23:00:00,80.36376
2011-12-29 00:00:00,84.81388
2011-12-29 01:00:00,77.596825
2011-12-29 02:00:00,71.63386
2011-12-29 03:00:00,65.39787
2011-12-29 04:00:00,67.16323
2011-12-29 05:00:00,69.29359
2011-12-29 06:00:00,72.94908
2011-12-29 07:00:00,66.286736
2011-12-29 08:00:00,75.10186
2011-12-29 09:00:00,68.95537
2011-12-29 10:00:00,70.40949
2011-12-29 11:00:00,76.030815
2011-12-29 12:00:00,84.10743
2011-12-29 13:00:00,92.57802
2011-12-29 14:00:00,94.15871
2011-12-29 15:00:00,99.91619
2011-12-29 16:00:00,93.59594
2011-12-29 17:00:00,83.04429
2011-12-29 18:00:00,88.07207
2011-12-29 19:00:00,90.808876
2011-12-29 20:00:00,76.13238
2011-12-29 21:00:00,83.41534
2011-12-29 22:00:00,76.200195
2011-12-29 23:00:00,79.43258
2011-12-30 00:00:00,74.88001
2011-12-30 01:00:00,75.34011
2011-12-30 02:00:00,71.31718
2011-12-30 03:00:00,71.31718
2011-12-30 04:00:00,71.51651
2011-12-30 05:00:00,70.45138
2011-12-30 06:00:00,71.51651
2011-12-30 07:00:00,71.144646
2011-12-30 08:00:00,73.546486
2011-12-30 09:00:00,77.35679
2011-12-30 10:00:00,78.53634
2011-12-30 11:00:00,82.400116
2011-12-30 12:00:00,94.3625
2011-12-30 13:00:00,110.457344
2011-12-30 14:00:00,142.78296
2011-12-30 15:00:00,131.264
2011-12-30 16:00:00,159.69434
2011-12-30 17:00:00,115.73347
2011-12-30 18:00:00,95.29478
2011-12-30 19:00:00,100.917305
2011-12-30 20:00:00,94.04369
2011-12-30 21:00:00,98.36968
2011-12-30 22:00:00,86.59679
2011-12-30 23:00:00,94.95611
2011-12-31 00:00:00,114.047646
2011-12-31 01:00:00,117.347206
2011-12-31 02:00:00,117.347206
2011-12-31 03:00:00,117.347206
2011-12-31 04:00:00,91.75631
2011-12-31 05:00:00,80.244606
2011-12-31 06:00:00,96.71955
2011-12-31 07:00:00,89.81631
2011-12-31 08:00:00,73.49853
2011-12-31 09:00:00,81.85308
2011-12-31 10:00:00,88.49059
2011-12-31 11:00:00,99.01228
2011-12-31 12:00:00,249.92873
2011-12-31 13:00:00,200.018
2011-12-31 14:00:00,164.88368
2011-12-31 15:00:00,165.05331
2011-12-31 16:00:00,156.18202
2011-12-31 17:00:00,126.0556
2011-12-31 18:00:00,119.96442
2011-12-31 19:00:00,128.48026
2011-12-31 20:00:00,128.48026
2011-12-31 21:00:00,113.23557
2011-12-31 22:00:00,99.4379
2011-12-31 23:00:00,83.4511
2012-01-20 00:00:00,83.446815
2012-01-20 01:00:00,88.45396
2012-01-20 02:00:00,88.45396
2012-01-20 03:00:00,79.12934
2012-01-20 04:00:00,70.45536
2012-01-20 05:00:00,70.45536
2012-01-20 06:00:00,67.03928
2012-01-20 07:00:00,65.59644
2012-01-20 08:00:00,64.631676
2012-01-20 09:00:00,65.281456
2012-01-20 10:00:00,79.989426
2012-01-20 11:00:00,77.4694
2012-01-20 12:00:00,77.34854
2012-01-20 13:00:00,93.098816
2012-01-20 14:00:00,90.39538
2012-01-20 15:00:00,109.8274
2012-01-20 16:00:00,96.62608
2012-01-20 17:00:00,133.13672
2012-01-20 18:00:00,112.4644
2012-01-20 19:00:00,99.5704
2012-01-20 20:00:00,112.4644
2012-01-20 21:00:00,99.253685
2012-01-20 22:00:00,87.96792
2012-01-20 23:00:00,61.3522
2012-01-21 00:00:00,55.711002
2012-01-21 01:00:00,57.035126
2012-01-21 02:00:00,64.287186
2012-01-21 03:00:00,60.863792
2012-01-21 04:00:00,62.068016
2012-01-21 05:00:00,60.636127
2012-01-21 06:00:00,58.412006
2012-01-21 07:00:00,58.412006
2012-01-21 08:00:00,52.77568
2012-01-21 09:00:00,52.77568
2012-01-21 10:00:00,53.808006
2012-01-21 11:00:00,61.2977
2012-01-21 12:00:00,61.347187
2012-01-21 13:00:00,58.09459
2012-01-21 14:00:00,62.312923
2012-01-21 15:00:00,62.312927
2012-01-21 16:00:00,53.794964
2012-01-21 17:00:00,48.471497
2012-01-21 18:00:00,49.19362
2012-01-21 19:00:00,44.331512
2012-01-21 20:00:00,51.318394
2012-01-21 21:00:00,46.721817
2012-01-21 22:00:00,51.33555
2012-01-21 23:00:00,51.843643
2012-01-22 00:00:00,46.63334
2012-01-22 01:00:00,51.33555
2012-01-22 02:00:00,52.19859
2012-01-22 03:00:00,52.46559
2012-01-22 04:00:00,50.33622
2012-01-22 05:00:00,55.34857
2012-01-22 06:00:00,53.637558
2012-01-22 07:00:00,53.637558
2012-01-22 08:00:00,53.637558
2012-01-22 09:00:00,53.637558
2012-01-22 10:00:00,48.486122
2012-01-22 11:00:00,53.40439
2012-01-22 12:00:00,53.88324
2012-01-22 13:00:00,58.08803
2012-01-22 14:00:00,56.51152
2012-01-22 15:00:00,54.83245
2012-01-22 16:00:00,54.83245
2012-01-22 17:00:00,58.562103
2012-01-22 18:00:00,60.636127
2012-01-22 19:00:00,60.636127
2012-01-22 20:00:00,58.61609
2012-01-22 21:00:00,60.636127
2012-01-22 22:00:00,60.44143
2012-01-22 23:00:00,59.21906
2012-01-23 00:00:00,71.5605
2012-01-23 01:00:00,67.29858
2012-01-23 02:00:00,67.29858
2012-01-23 03:00:00,71.5605
2012-01-23 04:00:00,73.79308
2012-01-23 05:00:00,73.41889
2012-01-23 06:00:00,73.41889
2012-01-23 07:00:00,75.791695
2012-01-23 08:00:00,69.659546
2012-01-23 09:00:00,69.2922
2012-01-23 10:00:00,73.02769
2012-01-23 11:00:00,69.10726
2012-01-23 12:00:00,74.83998
2012-01-23 13:00:00,74.238365
2012-01-23 14:00:00,70.39792
2012-01-23 15:00:00,66.33004
2012-01-23 16:00:00,70.19663
2012-01-23 17:00:00,72.1822
2012-01-23 18:00:00,70.66253
2012-01-23 19:00:00,72.02105
2012-01-23 20:00:00,71.70186
2012-01-23 21:00:00,69.0446
2012-01-23 22:00:00,69.0446
2012-01-23 23:00:00,69.67043
2012-01-24 00:00:00,73.86982
2012-01-24 01:00:00,76.60531
2012-01-24 02:00:00,76.93215
2012-01-24 03:00:00,80.21232
2012-01-24 04:00:00,78.74363
2012-01-24 05:00:00,78.74363
2012-01-24 06:00:00,78.415955
2012-01-24 07:00:00,80.21232
2012-01-24 08:00:00,80.21232
2012-01-24 09:00:00,81.37491
2012-01-24 10:00:00,78.606514
2012-01-24 11:00:00,79.07713
2012-01-24 12:00:00,78.68687
2012-01-24 13:00:00,78.68687
2012-01-24 14:00:00,81.145645
2012-01-24 15:00:00,104.72346
2012-01-24 16:00:00,100.18929
2012-01-24 17:00:00,105.05684
2012-01-24 18:00:00,105.24894
2012-01-24 19:00:00,132.35782
2012-01-24 20:00:00,81.38801
2012-01-24 21:00:00,85.781654
2012-01-24 22:00:00,82.08167
2012-01-24 23:00:00,81.38801
2012-01-25 00:00:00,76.18303
2012-01-25 01:00:00,75.03064
2012-01-25 02:00:00,72.92162
2012-01-25 03:00:00,70.51702
2012-01-25 04:00:00,67.73048
2012-01-25 05:00:00,67.73048
2012-01-25 06:00:00,67.314415
2012-01-25 07:00:00,67.1743
2012-01-25 08:00:00,66.598465
2012-01-25 09:00:00,66.598465
2012-01-25 10:00:00,67.213394
2012-01-25 11:00:00,83.719536
2012-01-25 12:00:00,99.1958
2012-01-25 13:00:00,105.73476
2012-01-25 14:00:00,104.18037
2012-01-25 15:00:00,108.001
2012-01-25 16:00:00,101.57798
2012-01-25 17:00:00,106.17688
2012-01-25 18:00:00,85.23899
2012-01-25 19:00:00,99.52667
2012-01-25 20:00:00,88.13061
2012-01-25 21:00:00,80.66101
2012-01-25 22:00:00,81.99154
2012-01-25 23:00:00,82.80074
2012-01-26 00:00:00,77.28646
2012-01-26 01:00:00,81.69102
2012-01-26 02:00:00,75.32557
2012-01-26 03:00:00,78.65376
2012-01-26 04:00:00,79.19828
2012-01-26 05:00:00,80.466255
2012-01-26 06:00:00,81.22855
2012-01-26 07:00:00,78.015495
2012-01-26 08:00:00,78.015495
2012-01-26 09:00:00,83.12094
2012-01-26 10:00:00,78.23867
2012-01-26 11:00:00,79.22534
2012-01-26 12:00:00,82.197365
2012-01-26 13:00:00,93.48409
2012-01-26 14:00:00,104.66749
2012-01-26 15:00:00,108.53626
2012-01-26 16:00:00,104.14762
2012-01-26 17:00:00,99.66517
2012-01-26 18:00:00,99.66517
2012-01-26 19:00:00,99.80225
2012-01-26 20:00:00,94.07734
2012-01-26 21:00:00,99.80225
2012-01-26 22:00:00,86.78779
2012-01-26 23:00:00,90.62415
2012-01-27 00:00:00,93.602066
2012-01-27 01:00:00,90.498825
2012-01-27 02:00:00,88.5413
2012-01-27 03:00:00,90.3432
2012-01-27 04:00:00,86.635704
2012-01-27 05:00:00,90.334404
2012-01-27 06:00:00,88.510925
2012-01-27 07:00:00,88.85699
2012-01-27 08:00:00,115.47097
2012-01-27 09:00:00,115.47097
2012-01-27 10:00:00,100.05069
2012-01-27 11:00:00,100.20408
2012-01-27 12:00:00,109.70832
2012-01-27 13:00:00,162.60625
2012-01-27 14:00:00,163.37715
2012-01-27 15:00:00,181.50856
2012-01-27 16:00:00,144.63428
2012-01-27 17:00:00,134.35863
2012-01-27 18:00:00,134.60748
2012-01-27 19:00:00,112.25552
2012-01-27 20:00:00,100.231834
2012-01-27 21:00:00,85.340164
2012-01-27 22:00:00,102.44634
2012-01-27 23:00:00,93.97512
2012-01-28 00:00:00,91.251564
2012-01-28 01:00:00,87.71405
2012-01-28 02:00:00,72.83524
2012-01-28 03:00:00,71.0794
2012-01-28 04:00:00,67.43923
2012-01-28 05:00:00,64.94233
2012-01-28 06:00:00,69.49958
2012-01-28 07:00:00,67.252754
2012-01-28 08:00:00,61.227684
2012-01-28 09:00:00,66.92675
2012-01-28 10:00:00,66.70537
2012-01-28 11:00:00,81.18411
2012-01-28 12:00:00,78.92425
2012-01-28 13:00:00,93.668526
2012-01-28 14:00:00,129.48705
2012-01-28 15:00:00,152.22475
2012-01-28 16:00:00,168.63727
2012-01-28 17:00:00,164.82617
2012-01-28 18:00:00,183.58969
2012-01-28 19:00:00,148.26521
2012-01-28 20:00:00,183.25673
2012-01-28 21:00:00,164.99495
2012-01-28 22:00:00,158.85062
2012-01-28 23:00:00,161.63174
2012-01-29 00:00:00,137.79407
2012-01-29 01:00:00,127.93072
2012-01-29 02:00:00,127.25609
2012-01-29 03:00:00,137.1301
2012-01-29 04:00:00,109.21558
2012-01-29 05:00:00,62.88269
2012-01-29 06:00:00,77.863625
2012-01-29 07:00:00,80.585045
2012-01-29 08:00:00,71.64235
2012-01-29 09:00:00,67.31424
2012-01-29 10:00:00,96.63256
2012-01-29 11:00:00,145.211
2012-01-29 12:00:00,178.52809
2012-01-29 13:00:00,178.52809
2012-01-29 14:00:00,172.27005
2012-01-29 15:00:00,194.89374
2012-01-29 16:00:00,151.16995
2012-01-29 17:00:00,151.16992
2012-01-29 18:00:00,154.99492
2012-01-29 19:00:00,160.81581
2012-01-29 20:00:00,114.96616
2012-01-29 21:00:00,130.35489
2012-01-29 22:00:00,132.20572
2012-01-29 23:00:00,120.26098
2012-01-30 00:00:00,120.95707
2012-01-30 01:00:00,68.745186
2012-01-30 02:00:00,71.11705
2012-01-30 03:00:00,80.19823
2012-01-30 04:00:00,69.52274
2012-01-30 05:00:00,69.52274
2012-01-30 06:00:00,80.36376
2012-01-30 07:00:00,77.99296
2012-01-30 08:00:00,72.89977
2012-01-30 09:00:00,72.89977
2012-01-30 10:00:00,80.92524
2012-01-30 11:00:00,92.21458
2012-01-30 12:00:00,90.583824
2012-01-30 13:00:00,149.88718
2012-01-30 14:00:00,184.07112
2012-01-30 15:00:00,190.98135
2012-01-30 16:00:00,195.44885
2012-01-30 17:00:00,211.78291
2012-01-30 18:00:00,195.40701
2012-01-30 19:00:00,103.91632
2012-01-30 20:00:00,124.301445
2012-01-30 21:00:00,113.21299
2012-01-30 22:00:00,93.92013
2012-01-30 23:00:00,73.86308
2012-01-31 00:00:00,90.00616
2012-01-31 01:00:00,105.77856
2012-01-31 02:00:00,111.99662
2012-01-31 03:00:00,103.53437
2012-01-31 04:00:00,95.72079
2012-01-31 05:00:00,95.72079
2012-01-31 06:00:00,86.09487
2012-01-31 07:00:00,73.86308
2012-01-31 08:00:00,75.79479
2012-01-31 09:00:00,91.73698
2012-01-31 10:00:00,97.719795
2012-01-31 11:00:00,193.8639
2012-01-31 12:00:00,172.96492
2012-01-31 13:00:00,221.83536
2012-01-31 14:00:00,272.91522
2012-01-31 15:00:00,249.84473
2012-01-31 16:00:00,249.84473
2012-01-31 17:00:00,261.32697
2012-01-31 18:00:00,275.20303
2012-01-31 19:00:00,268.30762
2012-01-31 20:00:00,110.22502
2012-01-31 21:00:00,243.40945
2012-01-31 22:00:00,224.3824
2012-01-31 23:00:00,210.54037
2012-02-20 00:00:00,66.388885
2012-02-20 01:00:00,66.388885
2012-02-20 02:00:00,66.388885
2012-02-20 03:00:00,63.14767
2012-02-20 05:00:00,62.65478
2012-02-20 06:00:00,61.50068
2012-02-20 07:00:00,62.231117
2012-02-20 08:00:00,54.6002
2012-02-20 09:00:00,54.6002
2012-02-20 10:00:00,57.610138
2012-02-20 11:00:00,73.5548
2012-02-20 12:00:00,96.314415
2012-02-20 13:00:00,107.553444
2012-02-20 14:00:00,143.04985
2012-02-20 15:00:00,160.09412
2012-02-20 16:00:00,200.05801
2012-02-20 17:00:00,230.54272
2012-02-20 18:00:00,160.09412
2012-02-20 19:00:00,160.09412
2012-02-20 20:00:00,164.65633
2012-02-20 21:00:00,117.94007
2012-02-20 22:00:00,99.4547
2012-02-20 23:00:00,110.02437
2012-02-21 00:00:00,76.94723
2012-02-21 01:00:00,80.3964
2012-02-21 02:00:00,76.06539
2012-02-21 04:00:00,74.49406
2012-02-21 05:00:00,72.18575
2012-02-21 06:00:00,71.72825
2012-02-21 07:00:00,74.49406
2012-02-21 08:00:00,67.81283
2012-02-21 09:00:00,67.18606
2012-02-21 10:00:00,67.85638
2012-02-21 11:00:00,69.878914
2012-02-21 12:00:00,82.64214
2012-02-21 13:00:00,100.364006
2012-02-21 14:00:00,92.27027
2012-02-21 15:00:00,100.364006
2012-02-21 16:00:00,117.02749
2012-02-21 17:00:00,152.35176
2012-02-21 18:00:00,152.35176
2012-02-21 19:00:00,128.45068
2012-02-21 20:00:00,102.9316
2012-02-21 21:00:00,92.06095
2012-02-21 22:00:00,86.38714
2012-02-21 23:00:00,80.442665
2012-02-22 00:00:00,80.442665
2012-02-22 01:00:00,81.67048
2012-02-22 02:00:00,86.46557
2012-02-22 03:00:00,83.992615
2012-02-22 04:00:00,82.46547
2012-02-22 05:00:00,81.77329
2012-02-22 06:00:00,77.80592
2012-02-22 07:00:00,79.9959
2012-02-22 08:00:00,78.10251
2012-02-22 09:00:00,81.824814
2012-02-22 10:00:00,84.940674
2012-02-22 11:00:00,91.2324
2012-02-22 12:00:00,117.18642
2012-02-22 13:00:00,142.07014
2012-02-22 14:00:00,153.15143
2012-02-22 15:00:00,245.35754
2012-02-22 16:00:00,240.61781
2012-02-22 17:00:00,265.4626
2012-02-22 18:00:00,225.4118
2012-02-22 19:00:00,202.47168
2012-02-22 20:00:00,175.04163
2012-02-22 21:00:00,258.16232
2012-02-22 22:00:00,180.42772
2012-02-22 23:00:00,215.15494
2012-02-23 00:00:00,180.42772
2012-02-23 01:00:00,141.15344
2012-02-23 02:00:00,126.66695
2012-02-23 03:00:00,124.21353
2012-02-23 04:00:00,95.08956
2012-02-23 05:00:00,95.08956
2012-02-23 06:00:00,80.26104
2012-02-23 07:00:00,81.145645
2012-02-23 08:00:00,78.29835
2012-02-23 09:00:00,79.55556
2012-02-23 10:00:00,110.573814
2012-02-23 11:00:00,190.98785
2012-02-23 12:00:00,221.92369
2012-02-23 13:00:00,228.78229
2012-02-23 14:00:00,256.17984
2012-02-23 15:00:00,235.19629
2012-02-23 16:00:00,207.57568
2012-02-23 17:00:00,243.85437
2012-02-23 18:00:00,229.25502
2012-02-23 19:00:00,197.56561
2012-02-23 20:00:00,173.79166
2012-02-23 21:00:00,155.50684
2012-02-23 22:00:00,146.1472
2012-02-23 23:00:00,109.35752
2012-02-24 00:00:00,121.65397
2012-02-24 01:00:00,121.92657
2012-02-24 02:00:00,109.75845
2012-02-24 03:00:00,93.95107
2012-02-24 04:00:00,87.47959
2012-02-24 05:00:00,90.43926
2012-02-24 06:00:00,90.54306
2012-02-24 07:00:00,100.097466
2012-02-24 08:00:00,98.33085
2012-02-24 09:00:00,85.360634
2012-02-24 10:00:00,87.04051
2012-02-24 11:00:00,85.89496
2012-02-24 12:00:00,99.75636
2012-02-24 13:00:00,108.53626
2012-02-24 14:00:00,117.92761
2012-02-24 15:00:00,94.04557
2012-02-24 16:00:00,94.04557
2012-02-24 17:00:00,94.4571
2012-02-24 18:00:00,92.0814
2012-02-24 19:00:00,97.14374
2012-02-24 20:00:00,133.29329
2012-02-24 21:00:00,90.6408
2012-02-24 22:00:00,134.49176
2012-02-24 23:00:00,95.10938
2012-02-25 00:00:00,121.87731
2012-02-25 01:00:00,112.24543
2012-02-25 02:00:00,107.11236
2012-02-25 03:00:00,96.65728
2012-02-25 04:00:00,98.32894
2012-02-25 05:00:00,102.11317
2012-02-25 06:00:00,102.11317
2012-02-25 07:00:00,76.62257
2012-02-25 08:00:00,76.7773
2012-02-25 09:00:00,57.049557
2012-02-25 10:00:00,65.8388
2012-02-25 11:00:00,71.63517
2012-02-25 12:00:00,68.10355
2012-02-25 13:00:00,100.174965
2012-02-25 14:00:00,78.71865
2012-02-25 15:00:00,121.592896
2012-02-25 16:00:00,75.11283
2012-02-25 17:00:00,116.970184
2012-02-25 18:00:00,70.71899
2012-02-25 19:00:00,76.95282
2012-02-25 20:00:00,63.083954
2012-02-25 21:00:00,82.54284
2012-02-25 22:00:00,67.94205
2012-02-25 23:00:00,67.2015
2012-02-26 00:00:00,73.98599
2012-02-26 01:00:00,72.717476
2012-02-26 02:00:00,72.717476
2012-02-26 03:00:00,84.34795
2012-02-26 04:00:00,84.34795
2012-02-26 05:00:00,75.12095
2012-02-26 06:00:00,66.95087
2012-02-26 07:00:00,59.693672
2012-02-26 08:00:00,62.98418
2012-02-26 09:00:00,71.311554
2012-02-26 10:00:00,90.53248
2012-02-26 11:00:00,95.82603
2012-02-26 12:00:00,111.75056
2012-02-26 13:00:00,116.78248
2012-02-26 14:00:00,145.9157
2012-02-26 15:00:00,158.78629
2012-02-26 16:00:00,174.45206
2012-02-26 17:00:00,179.41934
2012-02-26 18:00:00,142.42984
2012-02-26 19:00:00,157.62907
2012-02-26 20:00:00,112.44044
2012-02-26 21:00:00,96.02991
2012-02-26 22:00:00,105.284294
2012-02-26 23:00:00,70.13093
2012-02-27 00:00:00,73.49029
2012-02-27 01:00:00,71.43293
2012-02-27 02:00:00,65.46911
2012-02-27 03:00:00,68.977455
2012-02-27 04:00:00,67.15103
2012-02-27 05:00:00,67.15103
2012-02-27 06:00:00,66.598465
2012-02-27 07:00:00,69.11271
2012-02-27 08:00:00,72.61722
2012-02-27 09:00:00,73.86308
2012-02-27 10:00:00,112.57534
2012-02-27 11:00:00,135.8512
2012-02-27 12:00:00,193.72668
2012-02-27 13:00:00,172.28998
2012-02-27 14:00:00,231.0861
2012-02-27 15:00:00,249.29605
2012-02-27 16:00:00,249.84473
2012-02-27 17:00:00,241.0827
2012-02-27 18:00:00,253.49902
2012-02-27 19:00:00,255.98856
2012-02-27 20:00:00,245.75122
2012-02-27 21:00:00,231.0861
2012-02-27 22:00:00,185.86154
2012-02-27 23:00:00,142.81223
2012-02-28 00:00:00,123.035385
2012-02-28 01:00:00,105.86939
2012-02-28 02:00:00,113.89283
2012-02-28 03:00:00,200.54013
2012-02-28 04:00:00,109.08444
2012-02-28 05:00:00,109.08444
2012-02-28 06:00:00,98.097694
2012-02-28 07:00:00,93.80456
2012-02-28 08:00:00,85.61466
2012-02-28 09:00:00,89.684044
2012-02-28 10:00:00,105.77857
2012-02-28 11:00:00,152.5358
2012-02-28 12:00:00,160.95825
2012-02-28 13:00:00,165.55371
2012-02-28 14:00:00,199.17117
2012-02-28 15:00:00,202.80728
2012-02-28 16:00:00,200.46077
2012-02-28 17:00:00,202.80728
2012-02-28 18:00:00,218.70421
2012-02-28 19:00:00,181.17621
2012-02-28 20:00:00,199.26987
2012-02-28 21:00:00,112.26082
2012-02-28 22:00:00,112.26082
2012-02-28 23:00:00,96.37316
2012-02-29 00:00:00,98.53777
2012-02-29 01:00:00,102.268684
2012-02-29 02:00:00,87.75233
2012-02-29 03:00:00,76.67097
2012-02-29 05:00:00,74.19439
2012-02-29 06:00:00,78.65376
2012-02-29 07:00:00,74.33303
2012-02-29 08:00:00,77.28646
2012-02-29 09:00:00,80.36614
2012-02-29 10:00:00,80.36614
2012-02-29 11:00:00,78.32514
2012-02-29 12:00:00,76.74055
2012-02-29 13:00:00,78.31889
2012-02-29 14:00:00,78.31889
2012-02-29 15:00:00,94.334785
2012-02-29 16:00:00,98.16692
2012-02-29 17:00:00,90.54306
2012-02-29 18:00:00,93.78556
2012-02-29 19:00:00,90.813866
2012-02-29 20:00:00,97.09457
2012-02-29 21:00:00,97.09457
2012-02-29 22:00:00,93.30829
2012-02-29 23:00:00,93.30829
2012-03-20 00:00:00,124.30184
2012-03-20 01:00:00,102.25071
2012-03-20 02:00:00,109.85378
2012-03-20 03:00:00,107.06962
2012-03-20 04:00:00,114.095985
2012-03-20 05:00:00,100.53007
2012-03-20 06:00:00,108.2359
2012-03-20 07:00:00,112.48414
2012-03-20 08:00:00,112.85993
2012-03-20 09:00:00,118.40493
2012-03-20 10:00:00,115.66755
2012-03-20 11:00:00,125.125145
2012-03-20 12:00:00,147.95697
2012-03-20 13:00:00,143.02286
2012-03-20 14:00:00,151.24896
2012-03-20 15:00:00,157.83264
2012-03-20 16:00:00,183.56125
2012-03-20 17:00:00,150.86497
2012-03-20 18:00:00,170.74072
2012-03-20 19:00:00,133.6263
2012-03-20 20:00:00,132.4021
2012-03-20 21:00:00,115.05685
2012-03-20 22:00:00,109.37159
2012-03-20 23:00:00,102.40093
2012-03-21 00:00:00,110.65514
2012-03-21 01:00:00,121.435524
2012-03-21 02:00:00,116.86707
2012-03-21 03:00:00,121.93518
2012-03-21 04:00:00,121.29958
2012-03-21 05:00:00,121.29958
2012-03-21 06:00:00,111.42793
2012-03-21 07:00:00,115.9636
2012-03-21 08:00:00,115.61414
2012-03-21 09:00:00,121.52029
2012-03-21 10:00:00,132.05872
2012-03-21 11:00:00,132.05872
2012-03-21 12:00:00,126.33429
2012-03-21 13:00:00,122.15916
2012-03-21 14:00:00,128.70662
2012-03-21 15:00:00,128.70662
2012-03-21 16:00:00,130.20407
2012-03-21 17:00:00,166.09985
2012-03-21 18:00:00,147.87415
2012-03-21 19:00:00,168.7284
2012-03-21 20:00:00,130.92886
2012-03-21 21:00:00,125.84214
2012-03-21 22:00:00,126.61335
2012-03-21 23:00:00,121.29275
2012-03-22 00:00:00,121.435524
2012-03-22 01:00:00,121.435524
2012-03-22 02:00:00,121.435524
2012-03-22 03:00:00,121.435524
2012-03-22 04:00:00,105.81236
2012-03-22 05:00:00,105.81236
2012-03-22 06:00:00,105.81236
2012-03-22 07:00:00,105.81236
2012-03-22 08:00:00,115.529305
2012-03-22 09:00:00,115.529305
2012-03-22 10:00:00,109.759636
2012-03-22 11:00:00,111.54666
2012-03-22 12:00:00,131.37088
2012-03-22 13:00:00,134.1767
2012-03-22 14:00:00,153.61316
2012-03-22 15:00:00,193.68668
2012-03-22 16:00:00,211.52286
2012-03-22 17:00:00,212.50446
2012-03-22 18:00:00,212.50446
2012-03-22 19:00:00,189.06512
2012-03-22 20:00:00,187.66364
2012-03-22 21:00:00,143.61087
2012-03-22 22:00:00,136.98755
2012-03-22 23:00:00,127.62443
2012-03-23 00:00:00,120.174965
2012-03-23 01:00:00,113.701195
2012-03-23 02:00:00,121.24956
2012-03-23 03:00:00,119.46044
2012-03-23 04:00:00,115.506355
2012-03-23 05:00:00,108.506355
2012-03-23 06:00:00,112.57472
2012-03-23 07:00:00,116.43428
2012-03-23 08:00:00,115.46047
2012-03-23 09:00:00,121.64822
2012-03-23 10:00:00,130.44585
2012-03-23 11:00:00,168.07048
2012-03-23 12:00:00,248.99284
2012-03-23 13:00:00,263.8946
2012-03-23 14:00:00,301.81104
2012-03-23 15:00:00,308.20877
2012-03-23 16:00:00,314.93546
2012-03-23 17:00:00,314.93546
2012-03-23 18:00:00,292.25775
2012-03-23 19:00:00,273.69397
2012-03-23 20:00:00,270.1543
2012-03-23 21:00:00,238.2485
2012-03-23 22:00:00,227.46848
2012-03-23 23:00:00,198.39307
2012-03-24 00:00:00,127.86652
2012-03-24 01:00:00,130.94803
2012-03-24 02:00:00,125.1361
2012-03-24 03:00:00,125.1361
2012-03-24 04:00:00,115.95583
2012-03-24 05:00:00,124.79128
2012-03-24 06:00:00,124.79128
2012-03-24 07:00:00,113.312874
2012-03-24 08:00:00,107.684074
2012-03-24 09:00:00,123.341675
2012-03-24 10:00:00,119.362175
2012-03-24 11:00:00,107.684074
2012-03-24 12:00:00,118.319824
2012-03-24 13:00:00,119.21378
2012-03-24 14:00:00,131.72366
2012-03-24 15:00:00,121.44986
2012-03-24 16:00:00,115.93574
2012-03-24 17:00:00,121.185616
2012-03-24 18:00:00,104.35703
2012-03-24 19:00:00,103.30894
2012-03-24 20:00:00,95.64173
2012-03-24 21:00:00,95.64173
2012-03-24 22:00:00,95.97135
2012-03-24 23:00:00,96.558304
2012-03-25 00:00:00,96.558304
2012-03-25 01:00:00,89.80065
2012-03-25 02:00:00,93.35444
2012-03-25 03:00:00,97.5015
2012-03-25 04:00:00,94.21207
2012-03-25 05:00:00,87.15979
2012-03-25 06:00:00,87.15979
2012-03-25 07:00:00,90.96956
2012-03-25 08:00:00,90.96956
2012-03-25 09:00:00,89.59557
2012-03-25 10:00:00,97.73487
2012-03-25 11:00:00,89.59557
2012-03-25 12:00:00,89.233604
2012-03-25 13:00:00,96.19519
2012-03-25 14:00:00,100.50764
2012-03-25 15:00:00,101.00517
2012-03-25 16:00:00,106.25437
2012-03-25 17:00:00,121.23789
2012-03-25 18:00:00,121.23789
2012-03-25 19:00:00,135.23538
2012-03-25 20:00:00,120.44926
2012-03-25 21:00:00,117.69707
2012-03-25 22:00:00,106.04261
2012-03-25 23:00:00,110.48791
2012-03-26 00:00:00,123.91345
2012-03-26 01:00:00,120.957054
2012-03-26 02:00:00,108.42332
2012-03-26 03:00:00,114.76549
2012-03-26 04:00:00,109.791725
2012-03-26 05:00:00,115.4835
2012-03-26 06:00:00,105.758934
2012-03-26 07:00:00,122.52752
2012-03-26 08:00:00,142.70078
2012-03-26 09:00:00,210.79358
2012-03-26 10:00:00,210.6101
2012-03-26 11:00:00,201.44257
2012-03-26 12:00:00,222.86871
2012-03-26 13:00:00,156.87468
2012-03-26 14:00:00,250.14487
2012-03-26 15:00:00,186.59254
2012-03-26 16:00:00,162.49454
2012-03-26 17:00:00,236.3006
2012-03-26 18:00:00,231.80441
2012-03-26 19:00:00,251.1978
2012-03-26 20:00:00,176.60663
2012-03-26 21:00:00,177.11057
2012-03-26 22:00:00,200.29321
2012-03-26 23:00:00,119.7897
2012-03-27 00:00:00,114.45684
2012-03-27 01:00:00,124.87578
2012-03-27 02:00:00,144.67404
2012-03-27 03:00:00,137.52504
2012-03-27 04:00:00,119.37057
2012-03-27 05:00:00,115.6753
2012-03-27 06:00:00,130.71367
2012-03-27 07:00:00,130.71367
2012-03-27 08:00:00,113.47428
2012-03-27 09:00:00,130.64053
2012-03-27 10:00:00,154.54413
2012-03-27 11:00:00,193.85468
2012-03-27 12:00:00,199.48587
2012-03-27 13:00:00,205.04764
2012-03-27 14:00:00,245.52963
2012-03-27 15:00:00,232.76749
2012-03-27 16:00:00,232.76749
2012-03-27 17:00:00,239.27234
2012-03-27 18:00:00,248.99673
2012-03-27 19:00:00,235.74847
2012-03-27 20:00:00,248.99677
2012-03-27 21:00:00,192.59122
2012-03-27 22:00:00,188.28635
2012-03-27 23:00:00,195.08978
2012-03-28 00:00:00,177.2313
2012-03-28 01:00:00,155.18747
2012-03-28 02:00:00,133.3723
2012-03-28 03:00:00,148.64636
2012-03-28 04:00:00,165.66797
2012-03-28 05:00:00,165.66797
2012-03-28 06:00:00,148.29047
2012-03-28 07:00:00,152.48688
2012-03-28 08:00:00,174.03168
2012-03-28 09:00:00,178.20187
2012-03-28 10:00:00,222.57474
2012-03-28 11:00:00,249.38388
2012-03-28 12:00:00,290.9461
2012-03-28 13:00:00,280.60547
2012-03-28 14:00:00,342.6042
2012-03-28 15:00:00,328.40182
2012-03-28 16:00:00,289.04846
2012-03-28 17:00:00,230.28635
2012-03-28 18:00:00,230.28635
2012-03-28 19:00:00,244.67911
2012-03-28 20:00:00,264.9987
2012-03-28 21:00:00,213.96033
2012-03-28 22:00:00,167.58563
2012-03-28 23:00:00,146.97018
2012-03-29 00:00:00,156.36664
2012-03-29 01:00:00,181.86353
2012-03-29 02:00:00,332.83392
2012-03-29 03:00:00,308.32806
2012-03-29 04:00:00,274.6131
2012-03-29 05:00:00,229.8092
2012-03-29 06:00:00,161.92093
2012-03-29 07:00:00,199.4774
2012-03-29 08:00:00,204.36798
2012-03-29 09:00:00,212.64552
2012-03-29 10:00:00,198.74072
2012-03-29 11:00:00,232.87329
2012-03-29 12:00:00,229.41006
2012-03-29 13:00:00,223.33228
2012-03-29 14:00:00,253.43375
2012-03-29 15:00:00,276.08698
2012-03-29 16:00:00,287.8377
2012-03-29 17:00:00,274.9491
2012-03-29 18:00:00,264.55045
2012-03-29 19:00:00,253.79977
2012-03-29 20:00:00,248.07645
2012-03-29 21:00:00,212.4245
2012-03-29 22:00:00,203.32785
2012-03-29 23:00:00,193.09863
2012-03-30 00:00:00,183.92346
2012-03-30 01:00:00,163.33548
2012-03-30 02:00:00,133.0973
2012-03-30 03:00:00,105.794975
2012-03-30 04:00:00,122.35934
2012-03-30 05:00:00,103.18683
2012-03-30 06:00:00,109.8761
2012-03-30 07:00:00,107.93683
2012-03-30 08:00:00,95.49561
2012-03-30 09:00:00,112.85236
2012-03-30 10:00:00,127.974365
2012-03-30 11:00:00,135.3649
2012-03-30 12:00:00,137.79831
2012-03-30 13:00:00,172.79562
2012-03-30 14:00:00,159.69904
2012-03-30 15:00:00,166.14413
2012-03-30 16:00:00,148.2182
2012-03-30 17:00:00,136.73306
2012-03-30 18:00:00,163.70386
2012-03-30 19:00:00,129.40688
2012-03-30 20:00:00,126.64306
2012-03-30 21:00:00,114.36945
2012-03-30 22:00:00,98.69851
2012-03-30 23:00:00,98.00833
2012-03-31 00:00:00,89.50413
2012-03-31 01:00:00,106.54961
2012-03-31 02:00:00,112.85337
2012-03-31 03:00:00,95.52635
2012-03-31 04:00:00,117.539375
2012-03-31 05:00:00,94.54872
2012-03-31 06:00:00,83.39889
2012-03-31 07:00:00,83.39889
2012-03-31 08:00:00,83.01293
2012-03-31 09:00:00,106.54961
2012-03-31 10:00:00,104.38448
2012-03-31 11:00:00,118.293755
2012-03-31 12:00:00,113.13948
2012-03-31 13:00:00,168.60498
2012-03-31 14:00:00,162.69638
2012-03-31 15:00:00,190.88846
2012-03-31 16:00:00,166.82571
2012-03-31 17:00:00,151.17355
2012-03-31 18:00:00,131.63647
2012-03-31 19:00:00,125.64539
2012-03-31 20:00:00,120.573586
2012-03-31 21:00:00,120.573586
2012-03-31 22:00:00,112.05488
2012-03-31 23:00:00,92.23815
2012-04-20 00:00:00,130.3794
2012-04-20 01:00:00,114.76549
2012-04-20 02:00:00,103.785614
2012-04-20 03:00:00,103.925476
2012-04-20 04:00:00,95.72337
2012-04-20 05:00:00,96.002754
2012-04-20 06:00:00,96.42109
2012-04-20 07:00:00,96.002754
2012-04-20 08:00:00,97.42478
2012-04-20 09:00:00,108.2626
2012-04-20 10:00:00,130.2719
2012-04-20 11:00:00,151.26834
2012-04-20 12:00:00,227.09149
2012-04-20 13:00:00,291.99963
2012-04-20 14:00:00,297.3786
2012-04-20 15:00:00,281.10065
2012-04-20 16:00:00,292.77542
2012-04-20 17:00:00,301.03906
2012-04-20 18:00:00,287.7737
2012-04-20 19:00:00,255.61478
2012-04-20 20:00:00,209.8507
2012-04-20 21:00:00,153.05072
2012-04-20 22:00:00,163.59659
2012-04-20 23:00:00,135.4207
2012-04-21 00:00:00,130.71106
2012-04-21 01:00:00,130.71106
2012-04-21 02:00:00,125.69128
2012-04-21 03:00:00,118.76802
2012-04-21 04:00:00,120.27814
2012-04-21 05:00:00,120.27814
2012-04-21 06:00:00,118.76801
2012-04-21 07:00:00,122.42397
2012-04-21 08:00:00,126.882545
2012-04-21 09:00:00,132.8717
2012-04-21 10:00:00,220.534
2012-04-21 11:00:00,242.63168
2012-04-21 12:00:00,257.20605
2012-04-21 13:00:00,272.29614
2012-04-21 14:00:00,330.52515
2012-04-21 15:00:00,348.4948
2012-04-21 16:00:00,350.28406
2012-04-21 17:00:00,394.10287
2012-04-21 18:00:00,331.40564
2012-04-21 19:00:00,172.40228
2012-04-21 20:00:00,132.18982
2012-04-21 21:00:00,137.24225
2012-04-21 22:00:00,118.394844
2012-04-21 23:00:00,116.72192
2012-04-22 00:00:00,113.17596
2012-04-22 01:00:00,119.37058
2012-04-22 02:00:00,127.23861
2012-04-22 03:00:00,107.13337
2012-04-22 04:00:00,113.812645
2012-04-22 05:00:00,115.90359
2012-04-22 06:00:00,129.12994
2012-04-22 07:00:00,122.31269
2012-04-22 08:00:00,106.30015
2012-04-22 09:00:00,106.30015
2012-04-22 10:00:00,105.41213
2012-04-22 11:00:00,96.808716
2012-04-22 12:00:00,98.14275
2012-04-22 13:00:00,105.82808
2012-04-22 14:00:00,98.14275
2012-04-22 15:00:00,99.03675
2012-04-22 16:00:00,98.07833
2012-04-22 17:00:00,81.68206
2012-04-22 18:00:00,81.68206
2012-04-22 19:00:00,81.826225
2012-04-22 20:00:00,83.72312
2012-04-22 21:00:00,87.47353
2012-04-22 22:00:00,76.14872
2012-04-22 23:00:00,87.261536
2012-04-23 00:00:00,97.58065
2012-04-23 01:00:00,87.08354
2012-04-23 02:00:00,82.88747
2012-04-23 03:00:00,85.418015
2012-04-23 04:00:00,86.3334
2012-04-23 05:00:00,86.3334
2012-04-23 06:00:00,80.78498
2012-04-23 07:00:00,85.418236
2012-04-23 08:00:00,85.275444
2012-04-23 09:00:00,84.62704
2012-04-23 10:00:00,97.89288
2012-04-23 11:00:00,94.48585
2012-04-23 12:00:00,102.12182
2012-04-23 13:00:00,105.69899
2012-04-23 14:00:00,110.39587
2012-04-23 15:00:00,116.37894
2012-04-23 16:00:00,83.597015
2012-04-23 17:00:00,83.30427
2012-04-23 18:00:00,91.69483
2012-04-23 19:00:00,91.62382
2012-04-23 20:00:00,89.54755
2012-04-23 21:00:00,84.75599
2012-04-23 22:00:00,85.89271
2012-04-23 23:00:00,85.608826
2012-04-24 00:00:00,91.80722
2012-04-24 01:00:00,88.43431
2012-04-24 02:00:00,83.43637
2012-04-24 03:00:00,81.82046
2012-04-24 04:00:00,84.648994
2012-04-24 05:00:00,84.648994
2012-04-24 06:00:00,85.595055
2012-04-24 07:00:00,97.89034
2012-04-24 08:00:00,107.93862
2012-04-24 09:00:00,182.28505
2012-04-24 10:00:00,193.09863
2012-04-24 11:00:00,260.52954
2012-04-24 12:00:00,274.41052
2012-04-24 13:00:00,286.03543
2012-04-24 14:00:00,279.82333
2012-04-24 15:00:00,261.48566
2012-04-24 16:00:00,281.62936
2012-04-24 17:00:00,277.39807
2012-04-24 18:00:00,248.05762
2012-04-24 19:00:00,285.76
2012-04-24 20:00:00,280.8797
2012-04-24 21:00:00,271.38165
2012-04-24 22:00:00,223.37872
2012-04-24 23:00:00,205.0603
2012-04-25 00:00:00,197.70988
2012-04-25 01:00:00,178.85101
2012-04-25 02:00:00,104.32867
2012-04-25 03:00:00,93.42123
2012-04-25 04:00:00,101.864525
2012-04-25 05:00:00,98.412476
2012-04-25 06:00:00,98.412476
2012-04-25 07:00:00,94.98333
2012-04-25 08:00:00,96.07967
2012-04-25 09:00:00,135.6372
2012-04-25 10:00:00,233.22537
2012-04-25 11:00:00,261.67242
2012-04-25 12:00:00,305.55078
2012-04-25 13:00:00,299.13525
2012-04-25 14:00:00,299.55133
2012-04-25 15:00:00,297.36356
2012-04-25 16:00:00,310.0888
2012-04-25 17:00:00,315.3085
2012-04-25 18:00:00,316.2952
2012-04-25 19:00:00,312.59564
2012-04-25 20:00:00,274.73666
2012-04-25 21:00:00,196.04474
2012-04-25 22:00:00,169.16187
2012-04-25 23:00:00,196.73685
2012-04-26 00:00:00,135.39648
2012-04-26 01:00:00,201.22406
2012-04-26 02:00:00,180.44345
2012-04-26 03:00:00,177.67252
2012-04-26 04:00:00,164.1499
2012-04-26 05:00:00,154.85861
2012-04-26 06:00:00,164.5864
2012-04-26 07:00:00,131.51688
2012-04-26 08:00:00,125.148926
2012-04-26 09:00:00,117.6553
2012-04-26 10:00:00,106.77334
2012-04-26 11:00:00,106.995895
2012-04-26 12:00:00,130.66295
2012-04-26 13:00:00,128.58806
2012-04-26 14:00:00,144.68427
2012-04-26 15:00:00,137.45093
2012-04-26 16:00:00,133.55093
2012-04-26 17:00:00,137.64722
2012-04-26 18:00:00,144.68427
2012-04-26 19:00:00,145.25255
2012-04-26 20:00:00,139.66489
2012-04-26 21:00:00,128.36064
2012-04-26 22:00:00,126.61335
2012-04-26 23:00:00,116.82102
2012-04-27 00:00:00,173.54578
2012-04-27 01:00:00,188.27867
2012-04-27 02:00:00,181.35773
2012-04-27 03:00:00,182.83783
2012-04-27 04:00:00,202.28427
2012-04-27 05:00:00,201.90701
2012-04-27 06:00:00,197.16896
2012-04-27 07:00:00,163.33548
2012-04-27 08:00:00,143.76802
2012-04-27 09:00:00,180.20178
2012-04-27 10:00:00,220.86896
2012-04-27 11:00:00,237.31656
2012-04-27 12:00:00,250.81949
2012-04-27 13:00:00,255.21957
2012-04-27 14:00:00,266.4054
2012-04-27 15:00:00,260.66516
2012-04-27 16:00:00,292.7802
2012-04-27 17:00:00,293.83307
2012-04-27 18:00:00,300.26352
2012-04-27 19:00:00,282.64954
2012-04-27 20:00:00,274.39902
2012-04-27 21:00:00,257.6945
2012-04-27 22:00:00,226.16724
2012-04-27 23:00:00,207.98265
2012-04-28 00:00:00,179.1066
2012-04-28 01:00:00,133.28757
2012-04-28 02:00:00,161.61081
2012-04-28 03:00:00,124.42304
2012-04-28 04:00:00,125.87419
2012-04-28 05:00:00,138.25276
2012-04-28 06:00:00,127.02913
2012-04-28 07:00:00,125.87419
2012-04-28 08:00:00,190.99426
2012-04-28 09:00:00,204.39423
2012-04-28 10:00:00,209.12744
2012-04-28 11:00:00,203.08914
2012-04-28 12:00:00,176.03613
2012-04-28 13:00:00,211.73416
2012-04-28 14:00:00,211.68312
2012-04-28 15:00:00,212.00917
2012-04-28 16:00:00,243.93188
2012-04-28 17:00:00,216.82117
2012-04-28 18:00:00,181.83612
2012-04-28 19:00:00,101.78528
2012-04-28 20:00:00,103.55112
2012-04-28 21:00:00,103.74288
2012-04-28 22:00:00,95.580376
2012-04-28 23:00:00,99.2177
2012-04-29 00:00:00,90.25631
2012-04-29 01:00:00,85.920204
2012-04-29 02:00:00,85.61585
2012-04-29 03:00:00,83.012924
2012-04-29 04:00:00,83.80045
2012-04-29 05:00:00,84.14883
2012-04-29 06:00:00,79.30721
2012-04-29 07:00:00,81.81232
2012-04-29 08:00:00,94.88517
2012-04-29 09:00:00,105.24767
2012-04-29 10:00:00,112.323814
2012-04-29 11:00:00,150.5827
2012-04-29 12:00:00,210.19464
2012-04-29 13:00:00,214.16736
2012-04-29 14:00:00,256.81754
2012-04-29 15:00:00,275.47275
2012-04-29 16:00:00,327.55603
2012-04-29 17:00:00,354.60388
2012-04-29 18:00:00,350.42352
2012-04-29 19:00:00,282.835
2012-04-29 20:00:00,281.33215
2012-04-29 21:00:00,214.15593
2012-04-29 22:00:00,194.1665
2012-04-29 23:00:00,122.71624
2012-04-30 00:00:00,118.15235
2012-04-30 01:00:00,110.031784
2012-04-30 02:00:00,117.450386
2012-04-30 03:00:00,107.47144
2012-04-30 04:00:00,125.074715
2012-04-30 05:00:00,125.074715
2012-04-30 06:00:00,183.63052
2012-04-30 07:00:00,171.17427
2012-04-30 08:00:00,197.81042
2012-04-30 09:00:00,208.9751
2012-04-30 10:00:00,216.71819
2012-04-30 11:00:00,205.28485
2012-04-30 12:00:00,199.7887
2012-04-30 13:00:00,191.0303
2012-04-30 14:00:00,191.74622
2012-04-30 15:00:00,192.32608
2012-04-30 16:00:00,194.1363
2012-04-30 17:00:00,187.87122
2012-04-30 18:00:00,207.70905
2012-04-30 19:00:00,186.74678
2012-04-30 20:00:00,193.12973
2012-04-30 21:00:00,193.12973
2012-04-30 22:00:00,202.8931
2012-04-30 23:00:00,211.62122
2012-05-20 00:00:00,211.30592
2012-05-20 01:00:00,184.70135
2012-05-20 02:00:00,184.70135
2012-05-20 03:00:00,176.04189
2012-05-20 04:00:00,129.085
2012-05-20 05:00:00,123.29448
2012-05-20 06:00:00,141.003
2012-05-20 07:00:00,143.39635
2012-05-20 08:00:00,201.13272
2012-05-20 09:00:00,341.2517
2012-05-20 10:00:00,353.11487
2012-05-20 11:00:00,357.51166
2012-05-20 12:00:00,362.64816
2012-05-20 13:00:00,353.14685
2012-05-20 14:00:00,380.46588
2012-05-20 15:00:00,380.09766
2012-05-20 16:00:00,364.12805
2012-05-20 17:00:00,347.33075
2012-05-20 18:00:00,321.33844
2012-05-20 19:00:00,261.71127
2012-05-20 20:00:00,261.71127
2012-05-20 21:00:00,213.11456
2012-05-20 22:00:00,184.35355
2012-05-20 23:00:00,173.42348
2012-05-21 00:00:00,148.29588
2012-05-21 01:00:00,151.00526
2012-05-21 02:00:00,135.37622
2012-05-21 03:00:00,138.6771
2012-05-21 04:00:00,143.64276
2012-05-21 05:00:00,143.64276
2012-05-21 06:00:00,143.64276
2012-05-21 07:00:00,143.64276
2012-05-21 08:00:00,142.4864
2012-05-21 09:00:00,141.92099
2012-05-21 10:00:00,147.87079
2012-05-21 11:00:00,148.06427
2012-05-21 12:00:00,152.75534
2012-05-21 13:00:00,157.74426
2012-05-21 14:00:00,156.70758
2012-05-21 15:00:00,188.59265
2012-05-21 16:00:00,200.98416
2012-05-21 17:00:00,224.30241
2012-05-21 18:00:00,163.95209
2012-05-21 19:00:00,183.34875
2012-05-21 20:00:00,184.79227
2012-05-21 21:00:00,172.95642
2012-05-21 22:00:00,176.18588
2012-05-21 23:00:00,187.66364
2012-05-22 00:00:00,143.9142
2012-05-22 01:00:00,141.08557
2012-05-22 02:00:00,137.16632
2012-05-22 03:00:00,137.16632
2012-05-22 04:00:00,135.08727
2012-05-22 05:00:00,141.26956
2012-05-22 06:00:00,135.71353
2012-05-22 07:00:00,135.71353
2012-05-22 08:00:00,133.10904
2012-05-22 09:00:00,140.62491
2012-05-22 10:00:00,146.62477
2012-05-22 11:00:00,136.80496
2012-05-22 12:00:00,153.57281
2012-05-22 13:00:00,155.56345
2012-05-22 14:00:00,175.23807
2012-05-22 15:00:00,224.37735
2012-05-22 16:00:00,219.57513
2012-05-22 17:00:00,237.92578
2012-05-22 18:00:00,227.54387
2012-05-22 19:00:00,210.62457
2012-05-22 20:00:00,193.31393
2012-05-22 21:00:00,149.56601
2012-05-22 22:00:00,153.75157
2012-05-22 23:00:00,156.04442
2012-05-23 00:00:00,149.56601
2012-05-23 01:00:00,142.51343
2012-05-23 02:00:00,148.06427
2012-05-23 03:00:00,142.23923
2012-05-23 04:00:00,151.96544
2012-05-23 05:00:00,142.4864
2012-05-23 06:00:00,125.6396
2012-05-23 07:00:00,123.245316
2012-05-23 08:00:00,123.245316
2012-05-23 09:00:00,139.86313
2012-05-23 10:00:00,143.77771
2012-05-23 11:00:00,143.48517
2012-05-23 12:00:00,193.13074
2012-05-23 13:00:00,187.4881
2012-05-23 14:00:00,212.22919
2012-05-23 15:00:00,217.76993
2012-05-23 16:00:00,246.87378
2012-05-23 17:00:00,201.90146
2012-05-23 18:00:00,201.90146
2012-05-23 19:00:00,151.50745
2012-05-23 20:00:00,142.18002
2012-05-23 21:00:00,134.54276
2012-05-23 22:00:00,151.50745
2012-05-23 23:00:00,138.55328
2012-05-24 00:00:00,133.81335
2012-05-24 01:00:00,128.56807
2012-05-24 02:00:00,120.87653
2012-05-24 03:00:00,134.79585
2012-05-24 04:00:00,141.02194
2012-05-24 05:00:00,141.02194
2012-05-24 06:00:00,141.02194
2012-05-24 07:00:00,135.11903
2012-05-24 08:00:00,161.43034
2012-05-24 09:00:00,166.86465
2012-05-24 10:00:00,198.04716
2012-05-24 11:00:00,205.2111
2012-05-24 12:00:00,239.68752
2012-05-24 13:00:00,276.69574
2012-05-24 14:00:00,294.3895
2012-05-24 15:00:00,301.06708
2012-05-24 16:00:00,323.59393
2012-05-24 17:00:00,307.76697
2012-05-24 18:00:00,312.877
2012-05-24 19:00:00,272.60068
2012-05-24 20:00:00,230.37627
2012-05-24 21:00:00,173.80481
2012-05-24 22:00:00,155.2734
2012-05-24 23:00:00,159.0918
2012-05-25 00:00:00,142.08212
2012-05-25 01:00:00,136.91428
2012-05-25 02:00:00,134.54276
2012-05-25 03:00:00,137.95493
2012-05-25 04:00:00,129.44427
2012-05-25 05:00:00,136.6871
2012-05-25 06:00:00,137.95493
2012-05-25 07:00:00,144.55388
2012-05-25 08:00:00,140.4482
2012-05-25 09:00:00,143.13477
2012-05-25 10:00:00,169.54778
2012-05-25 11:00:00,163.85428
2012-05-25 12:00:00,222.26855
2012-05-25 13:00:00,248.23154
2012-05-25 14:00:00,263.6902
2012-05-25 15:00:00,276.70688
2012-05-25 16:00:00,319.94388
2012-05-25 17:00:00,296.31958
2012-05-25 18:00:00,276.70688
2012-05-25 19:00:00,276.95337
2012-05-25 20:00:00,227.51355
2012-05-25 21:00:00,219.80716
2012-05-25 22:00:00,168.3119
2012-05-25 23:00:00,172.54062
2012-05-26 00:00:00,144.56418
2012-05-26 01:00:00,139.86981
2012-05-26 02:00:00,133.76254
2012-05-26 03:00:00,127.784454
2012-05-26 04:00:00,130.95425
2012-05-26 05:00:00,149.87244
2012-05-26 06:00:00,136.60086
2012-05-26 07:00:00,138.94037
2012-05-26 08:00:00,148.27426
2012-05-26 09:00:00,149.14984
2012-05-26 10:00:00,175.96764
2012-05-26 11:00:00,200.81393
2012-05-26 12:00:00,262.60672
2012-05-26 13:00:00,270.54425
2012-05-26 14:00:00,277.26462
2012-05-26 15:00:00,289.6098
2012-05-26 16:00:00,328.37677
2012-05-26 17:00:00,342.84067
2012-05-26 18:00:00,323.38794
2012-05-26 19:00:00,271.21735
2012-05-26 20:00:00,303.04398
2012-05-26 21:00:00,273.08813
2012-05-26 22:00:00,213.60559
2012-05-26 23:00:00,213.60559
2012-05-27 00:00:00,210.5141
2012-05-27 01:00:00,185.15529
2012-05-27 02:00:00,181.26685
2012-05-27 03:00:00,168.56581
2012-05-27 04:00:00,147.07144
2012-05-27 05:00:00,147.07144
2012-05-27 06:00:00,143.31056
2012-05-27 07:00:00,134.57324
2012-05-27 08:00:00,149.14984
2012-05-27 09:00:00,158.63864
2012-05-27 10:00:00,199.83711
2012-05-27 11:00:00,253.33109
2012-05-27 12:00:00,268.71796
2012-05-27 13:00:00,296.7081
2012-05-27 14:00:00,309.68146
2012-05-27 15:00:00,340.9994
2012-05-27 16:00:00,340.9994
2012-05-27 17:00:00,354.74664
2012-05-27 18:00:00,319.11578
2012-05-27 19:00:00,296.7081
2012-05-27 20:00:00,288.39874
2012-05-27 21:00:00,238.44226
2012-05-27 22:00:00,134.60017
2012-05-27 23:00:00,149.859
2012-05-28 00:00:00,150.23557
2012-05-28 01:00:00,173.9762
2012-05-28 02:00:00,145.07962
2012-05-28 03:00:00,166.3104
2012-05-28 04:00:00,145.75589
2012-05-28 05:00:00,145.75589
2012-05-28 06:00:00,166.3104
2012-05-28 07:00:00,145.12105
2012-05-28 08:00:00,161.23804
2012-05-28 09:00:00,221.58707
2012-05-28 10:00:00,221.58707
2012-05-28 11:00:00,241.5636
2012-05-28 12:00:00,277.45682
2012-05-28 13:00:00,337.15674
2012-05-28 14:00:00,337.15674
2012-05-28 15:00:00,368.31253
2012-05-28 16:00:00,374.53137
2012-05-28 17:00:00,368.31253
2012-05-28 18:00:00,349.5322
2012-05-28 19:00:00,359.34576
2012-05-28 20:00:00,324.95688
2012-05-28 21:00:00,296.85977
2012-05-28 22:00:00,239.57965
2012-05-28 23:00:00,216.39803
2012-05-29 00:00:00,186.98898
2012-05-29 01:00:00,186.98898
2012-05-29 02:00:00,156.11636
2012-05-29 03:00:00,191.50899
2012-05-29 04:00:00,172.54062
2012-05-29 05:00:00,172.54062
2012-05-29 06:00:00,172.54062
2012-05-29 07:00:00,172.54062
2012-05-29 08:00:00,206.10236
2012-05-29 09:00:00,241.28311
2012-05-29 10:00:00,258.33563
2012-05-29 11:00:00,299.42612
2012-05-29 12:00:00,351.22452
2012-05-29 13:00:00,381.6861
2012-05-29 14:00:00,387.94653
2012-05-29 15:00:00,389.35297
2012-05-29 16:00:00,413.4854
2012-05-29 17:00:00,396.9734
2012-05-29 18:00:00,397.746
2012-05-29 19:00:00,349.97586
2012-05-29 20:00:00,290.015
2012-05-29 21:00:00,158.37578
2012-05-29 22:00:00,136.6871
2012-05-29 23:00:00,129.43335
2012-05-30 00:00:00,146.26257
2012-05-30 01:00:00,156.61838
2012-05-30 02:00:00,136.64041
2012-05-30 03:00:00,147.41779
2012-05-30 04:00:00,140.6171
2012-05-30 05:00:00,157.43655
2012-05-30 06:00:00,148.95346
2012-05-30 07:00:00,168.9758
2012-05-30 08:00:00,173.35667
2012-05-30 09:00:00,201.5318
2012-05-30 10:00:00,217.81795
2012-05-30 11:00:00,227.03076
2012-05-30 12:00:00,230.3341
2012-05-30 13:00:00,240.90482
2012-05-30 14:00:00,297.32986
2012-05-30 15:00:00,279.16608
2012-05-30 16:00:00,286.6109
2012-05-30 17:00:00,282.03632
2012-05-30 18:00:00,297.73907
2012-05-30 19:00:00,276.69574
2012-05-30 20:00:00,187.33441
2012-05-30 21:00:00,235.53096
2012-05-30 22:00:00,186.49825
2012-05-30 23:00:00,198.64426
2012-05-31 00:00:00,184.79227
2012-05-31 01:00:00,176.20605
2012-05-31 02:00:00,188.38162
2012-05-31 03:00:00,172.95642
2012-05-31 04:00:00,154.43341
2012-05-31 05:00:00,206.10645
2012-05-31 06:00:00,176.3034
2012-05-31 07:00:00,227.46848
2012-05-31 08:00:00,256.42642
2012-05-31 09:00:00,297.14136
2012-05-31 10:00:00,359.67676
2012-05-31 11:00:00,339.85498
2012-05-31 12:00:00,318.27905
2012-05-31 13:00:00,310.3601
2012-05-31 14:00:00,333.47296
2012-05-31 15:00:00,354.6295
2012-05-31 16:00:00,350.99515
2012-05-31 17:00:00,326.98483
2012-05-31 18:00:00,329.65576
2012-05-31 19:00:00,315.08478
2012-05-31 20:00:00,293.5071
2012-05-31 21:00:00,293.5071
2012-05-31 22:00:00,267.0296
2012-05-31 23:00:00,266.82626
2012-06-20 00:00:00,186.98898
2012-06-20 01:00:00,174.94069
2012-06-20 02:00:00,153.65863
2012-06-20 03:00:00,149.40413
2012-06-20 04:00:00,143.19513
2012-06-20 05:00:00,143.19513
2012-06-20 06:00:00,139.18037
2012-06-20 07:00:00,135.07178
2012-06-20 08:00:00,179.10394
2012-06-20 09:00:00,186.0109
2012-06-20 10:00:00,320.54102
2012-06-20 11:00:00,343.60468
2012-06-20 12:00:00,343.6233
2012-06-20 13:00:00,329.71198
2012-06-20 14:00:00,360.9192
2012-06-20 15:00:00,329.40942
2012-06-20 16:00:00,350.3603
2012-06-20 17:00:00,328.3297
2012-06-20 18:00:00,328.3297
2012-06-20 19:00:00,374.05362
2012-06-20 20:00:00,359.96146
2012-06-20 21:00:00,318.31244
2012-06-20 22:00:00,316.54218
2012-06-20 23:00:00,278.06818
2012-06-21 00:00:00,238.90439
2012-06-21 01:00:00,217.1435
2012-06-21 02:00:00,211.79614
2012-06-21 03:00:00,208.12888
2012-06-21 04:00:00,180.72198
2012-06-21 05:00:00,183.42398
2012-06-21 06:00:00,194.44525
2012-06-21 07:00:00,194.44525
2012-06-21 08:00:00,224.86926
2012-06-21 09:00:00,346.74664
2012-06-21 10:00:00,355.30353
2012-06-21 11:00:00,374.84097
2012-06-21 12:00:00,405.43176
2012-06-21 13:00:00,367.5899
2012-06-21 14:00:00,389.52948
2012-06-21 15:00:00,405.80057
2012-06-21 16:00:00,392.86304
2012-06-21 17:00:00,359.07416
2012-06-21 18:00:00,387.7173
2012-06-21 19:00:00,401.6706
2012-06-21 20:00:00,383.99084
2012-06-21 21:00:00,364.8828
2012-06-21 22:00:00,322.38873
2012-06-21 23:00:00,316.5996
2012-06-22 00:00:00,267.50095
2012-06-22 01:00:00,254.42966
2012-06-22 02:00:00,197.16467
2012-06-22 03:00:00,197.16467
2012-06-22 04:00:00,267.08606
2012-06-22 05:00:00,271.05933
2012-06-22 06:00:00,256.74457
2012-06-22 07:00:00,298.15552
2012-06-22 08:00:00,311.43304
2012-06-22 09:00:00,321.7752
2012-06-22 10:00:00,386.84195
2012-06-22 11:00:00,355.3814
2012-06-22 12:00:00,361.95514
2012-06-22 13:00:00,401.6706
2012-06-22 14:00:00,401.6706
2012-06-22 15:00:00,441.70966
2012-06-22 16:00:00,414.1535
2012-06-22 17:00:00,382.8523
2012-06-22 18:00:00,356.377
2012-06-22 19:00:00,374.1584
2012-06-22 20:00:00,374.1584
2012-06-22 21:00:00,291.245
2012-06-22 22:00:00,229.77068
2012-06-22 23:00:00,197.52585
2012-06-23 00:00:00,138.85153
2012-06-23 01:00:00,175.48326
2012-06-23 02:00:00,170.04947
2012-06-23 03:00:00,156.01627
2012-06-23 04:00:00,166.58813
2012-06-23 05:00:00,170.04947
2012-06-23 06:00:00,147.38295
2012-06-23 07:00:00,157.22568
2012-06-23 08:00:00,245.67902
2012-06-23 09:00:00,294.87885
2012-06-23 10:00:00,326.91364
2012-06-23 11:00:00,363.08295
2012-06-23 12:00:00,387.25793
2012-06-23 13:00:00,402.19836
2012-06-23 14:00:00,404.138
2012-06-23 15:00:00,439.04578
2012-06-23 16:00:00,430.57654
2012-06-23 17:00:00,422.4975
2012-06-23 18:00:00,428.90848
2012-06-23 19:00:00,404.2168
2012-06-23 20:00:00,394.1713
2012-06-23 21:00:00,373.92947
2012-06-23 22:00:00,357.41006
2012-06-23 23:00:00,325.72925
2012-06-24 00:00:00,292.38574
2012-06-24 01:00:00,301.2877
2012-06-24 02:00:00,303.1089
2012-06-24 03:00:00,245.57645
2012-06-24 04:00:00,232.345
2012-06-24 05:00:00,208.48688
2012-06-24 06:00:00,235.21921
2012-06-24 07:00:00,206.4516
2012-06-24 08:00:00,261.97754
2012-06-24 09:00:00,300.70734
2012-06-24 10:00:00,343.65485
2012-06-24 11:00:00,366.61594
2012-06-24 12:00:00,402.8775
2012-06-24 13:00:00,415.49084
2012-06-24 14:00:00,432.64148
2012-06-24 15:00:00,423.65076
2012-06-24 16:00:00,423.1762
2012-06-24 17:00:00,420.54688
2012-06-24 18:00:00,414.80853
2012-06-24 19:00:00,414.05612
2012-06-24 20:00:00,383.6544
2012-06-24 21:00:00,340.24365
2012-06-24 22:00:00,310.6628
2012-06-24 23:00:00,298.73218
2012-06-25 00:00:00,297.91626
2012-06-25 01:00:00,268.47375
2012-06-25 02:00:00,250.62161
2012-06-25 03:00:00,252.76358
2012-06-25 04:00:00,206.85779
2012-06-25 05:00:00,212.30498
2012-06-25 06:00:00,185.22699
2012-06-25 07:00:00,221.74202
2012-06-25 08:00:00,234.90475
2012-06-25 09:00:00,261.99103
2012-06-25 10:00:00,317.21735
2012-06-25 11:00:00,397.9973
2012-06-25 12:00:00,385.6327
2012-06-25 13:00:00,342.8335
2012-06-25 14:00:00,373.88104
2012-06-25 15:00:00,423.0069
2012-06-25 16:00:00,417.34283
2012-06-25 17:00:00,375.39496
2012-06-25 18:00:00,386.36942
2012-06-25 19:00:00,379.26038
2012-06-25 20:00:00,394.86273
2012-06-25 21:00:00,381.6882
2012-06-25 22:00:00,387.2016
2012-06-25 23:00:00,374.1236
2012-06-26 00:00:00,372.233
2012-06-26 01:00:00,380.1812
2012-06-26 02:00:00,302.54724
2012-06-26 03:00:00,287.6349
2012-06-26 04:00:00,289.77335
2012-06-26 05:00:00,265.89294
2012-06-26 06:00:00,251.1345
2012-06-26 07:00:00,249.90227
2012-06-26 08:00:00,282.82776
2012-06-26 09:00:00,306.65433
2012-06-26 10:00:00,359.53372
2012-06-26 11:00:00,386.02417
2012-06-26 12:00:00,387.75482
2012-06-26 13:00:00,388.17365
2012-06-26 14:00:00,388.17365
2012-06-26 15:00:00,382.10202
2012-06-26 16:00:00,360.7376
2012-06-26 17:00:00,390.43646
2012-06-26 18:00:00,397.002
2012-06-26 19:00:00,371.81204
2012-06-26 20:00:00,376.86456
2012-06-26 21:00:00,349.8242
2012-06-26 22:00:00,358.16718
2012-06-26 23:00:00,318.00714
2012-06-27 00:00:00,329.39136
2012-06-27 01:00:00,313.41547
2012-06-27 02:00:00,261.05392
2012-06-27 03:00:00,272.2602
2012-06-27 04:00:00,341.60947
2012-06-27 05:00:00,335.97424
2012-06-27 06:00:00,299.58423
2012-06-27 07:00:00,347.94556
2012-06-27 08:00:00,346.83786
2012-06-27 09:00:00,367.31754
2012-06-27 10:00:00,361.4865
2012-06-27 11:00:00,394.44293
2012-06-27 12:00:00,394.40778
2012-06-27 13:00:00,405.69537
2012-06-27 14:00:00,392.05142
2012-06-27 15:00:00,387.93884
2012-06-27 16:00:00,382.4469
2012-06-27 17:00:00,392.9936
2012-06-27 18:00:00,405.69537
2012-06-27 19:00:00,405.75677
2012-06-27 20:00:00,369.69482
2012-06-27 21:00:00,346.7943
2012-06-27 22:00:00,329.02124
2012-06-27 23:00:00,310.1286
2012-06-28 00:00:00,289.14435
2012-06-28 01:00:00,258.06165
2012-06-28 02:00:00,287.1122
2012-06-28 03:00:00,287.1122
2012-06-28 04:00:00,236.45207
2012-06-28 05:00:00,256.2692
2012-06-28 06:00:00,256.2692
2012-06-28 07:00:00,236.45207
2012-06-28 08:00:00,293.2546
2012-06-28 09:00:00,298.3098
2012-06-28 10:00:00,336.38013
2012-06-28 11:00:00,379.76337
2012-06-28 12:00:00,405.30655
2012-06-28 13:00:00,401.85806
2012-06-28 14:00:00,405.4688
2012-06-28 15:00:00,405.4688
2012-06-28 16:00:00,390.74774
2012-06-28 17:00:00,388.06668
2012-06-28 18:00:00,397.53326
2012-06-28 19:00:00,413.23227
2012-06-28 20:00:00,382.7578
2012-06-28 21:00:00,322.9794
2012-06-28 22:00:00,327.82007
2012-06-28 23:00:00,325.1138
2012-06-29 00:00:00,325.1138
2012-06-29 01:00:00,320.07092
2012-06-29 02:00:00,296.04303
2012-06-29 03:00:00,296.04303
2012-06-29 04:00:00,255.1461
2012-06-29 05:00:00,260.94983
2012-06-29 06:00:00,284.31015
2012-06-29 07:00:00,260.94983
2012-06-29 08:00:00,312.1618
2012-06-29 09:00:00,317.21735
2012-06-29 10:00:00,426.13367
2012-06-29 11:00:00,431.96576
2012-06-29 12:00:00,435.4311
2012-06-29 13:00:00,416.62512
2012-06-29 14:00:00,433.46783
2012-06-29 15:00:00,386.56732
2012-06-29 16:00:00,386.56732
2012-06-29 17:00:00,431.91956
2012-06-29 18:00:00,382.69556
2012-06-29 19:00:00,401.5329
2012-06-29 20:00:00,426.00317
2012-06-29 21:00:00,389.90967
2012-06-29 22:00:00,364.50363
2012-06-29 23:00:00,364.50363
2012-06-30 00:00:00,163.95697
2012-06-30 01:00:00,165.6606
2012-06-30 02:00:00,139.8671
2012-06-30 03:00:00,139.8671
2012-06-30 04:00:00,131.07904
2012-06-30 05:00:00,150.38498
2012-06-30 06:00:00,150.38498
2012-06-30 07:00:00,150.38498
2012-06-30 08:00:00,150.38498
2012-06-30 09:00:00,150.38498
2012-06-30 10:00:00,435.15326
2012-06-30 11:00:00,435.15326
2012-06-30 12:00:00,435.15326
2012-06-30 13:00:00,435.15326
2012-06-30 14:00:00,435.15326
2012-06-30 15:00:00,435.15326
2012-06-30 16:00:00,419.94864
2012-06-30 17:00:00,407.36987
2012-06-30 18:00:00,384.78967
2012-06-30 19:00:00,408.78467
2012-06-30 20:00:00,372.23755
2012-06-30 21:00:00,372.23755
2012-06-30 22:00:00,318.46017
2012-06-30 23:00:00,304.20273
2012-07-20 00:00:00,165.33353
2012-07-20 01:00:00,155.2039
2012-07-20 02:00:00,156.35097
2012-07-20 03:00:00,158.24649
2012-07-20 04:00:00,166.84436
2012-07-20 05:00:00,162.74362
2012-07-20 06:00:00,166.84436
2012-07-20 07:00:00,170.56909
2012-07-20 08:00:00,196.22763
2012-07-20 09:00:00,218.97046
2012-07-20 10:00:00,223.77728
2012-07-20 11:00:00,267.09528
2012-07-20 12:00:00,208.9885
2012-07-20 13:00:00,202.01706
2012-07-20 14:00:00,216.10823
2012-07-20 15:00:00,222.42307
2012-07-20 16:00:00,212.91785
2012-07-20 17:00:00,182.5209
2012-07-20 18:00:00,219.94217
2012-07-20 19:00:00,186.08829
2012-07-20 20:00:00,201.2807
2012-07-20 21:00:00,194.43536
2012-07-20 22:00:00,176.80487
2012-07-20 23:00:00,183.09235
2012-07-21 00:00:00,181.43625
2012-07-21 01:00:00,170.62909
2012-07-21 02:00:00,160.23334
2012-07-21 03:00:00,158.79706
2012-07-21 04:00:00,158.2179
2012-07-21 05:00:00,156.7412
2012-07-21 06:00:00,156.7412
2012-07-21 07:00:00,151.11038
2012-07-21 08:00:00,158.62756
2012-07-21 09:00:00,155.09583
2012-07-21 10:00:00,156.7412
2012-07-21 11:00:00,164.59668
2012-07-21 12:00:00,171.14194
2012-07-21 13:00:00,168.65982
2012-07-21 14:00:00,152.72511
2012-07-21 15:00:00,158.79706
2012-07-21 16:00:00,156.42773
2012-07-21 17:00:00,155.71664
2012-07-21 18:00:00,150.26547
2012-07-21 19:00:00,149.10391
2012-07-21 20:00:00,155.71664
2012-07-21 21:00:00,149.10393
2012-07-21 22:00:00,143.08484
2012-07-21 23:00:00,134.23453
2012-07-22 00:00:00,143.08484
2012-07-22 01:00:00,149.10393
2012-07-22 02:00:00,143.08484
2012-07-22 03:00:00,143.08484
2012-07-22 04:00:00,127.85761
2012-07-22 05:00:00,127.85761
2012-07-22 06:00:00,153.22064
2012-07-22 07:00:00,143.17094
2012-07-22 08:00:00,159.972
2012-07-22 09:00:00,213.38147
2012-07-22 10:00:00,189.43951
2012-07-22 11:00:00,189.43951
2012-07-22 12:00:00,239.10587
2012-07-22 13:00:00,260.7657
2012-07-22 14:00:00,258.16687
2012-07-22 15:00:00,258.16687
2012-07-22 16:00:00,266.9273
2012-07-22 17:00:00,292.47345
2012-07-22 18:00:00,280.10928
2012-07-22 19:00:00,251.92697
2012-07-22 20:00:00,224.55972
2012-07-22 21:00:00,189.41588
2012-07-22 22:00:00,230.86075
2012-07-22 23:00:00,188.78532
2012-07-23 00:00:00,149.39331
2012-07-23 01:00:00,162.39944
2012-07-23 02:00:00,151.45798
2012-07-23 03:00:00,151.45798
2012-07-23 04:00:00,156.57599
2012-07-23 05:00:00,156.57599
2012-07-23 06:00:00,166.06082
2012-07-23 07:00:00,187.69917
2012-07-23 08:00:00,211.79614
2012-07-23 09:00:00,250.64792
2012-07-23 10:00:00,289.43683
2012-07-23 11:00:00,357.27863
2012-07-23 12:00:00,357.27863
2012-07-23 13:00:00,346.04352
2012-07-23 14:00:00,328.9151
2012-07-23 15:00:00,346.74664
2012-07-23 16:00:00,352.1526
2012-07-23 17:00:00,352.1526
2012-07-23 18:00:00,352.12378
2012-07-23 19:00:00,364.7057
2012-07-23 20:00:00,294.77374
2012-07-23 21:00:00,300.7116
2012-07-23 22:00:00,288.9555
2012-07-23 23:00:00,264.12894
2012-07-24 00:00:00,223.41214
2012-07-24 01:00:00,200.16565
2012-07-24 02:00:00,173.7924
2012-07-24 03:00:00,173.7924
2012-07-24 04:00:00,161.64777
2012-07-24 05:00:00,164.10669
2012-07-24 06:00:00,169.30042
2012-07-24 07:00:00,228.95216
2012-07-24 08:00:00,263.44553
2012-07-24 09:00:00,328.72217
2012-07-24 10:00:00,376.48212
2012-07-24 11:00:00,409.84888
2012-07-24 12:00:00,370.56232
2012-07-24 13:00:00,403.78198
2012-07-24 14:00:00,388.45737
2012-07-24 15:00:00,393.88318
2012-07-24 16:00:00,367.78943
2012-07-24 17:00:00,380.60382
2012-07-24 18:00:00,329.52084
2012-07-24 19:00:00,294.77374
2012-07-24 20:00:00,272.08725
2012-07-24 21:00:00,285.69223
2012-07-24 22:00:00,291.71597
2012-07-24 23:00:00,330.88504
2012-07-25 00:00:00,316.78375
2012-07-25 01:00:00,288.23666
2012-07-25 02:00:00,275.10657
2012-07-25 03:00:00,253.63841
2012-07-25 04:00:00,246.95178
2012-07-25 05:00:00,236.66287
2012-07-25 06:00:00,241.97707
2012-07-25 07:00:00,328.77814
2012-07-25 08:00:00,354.17105
2012-07-25 09:00:00,376.16367
2012-07-25 10:00:00,320.07886
2012-07-25 11:00:00,329.65723
2012-07-25 12:00:00,329.65723
2012-07-25 13:00:00,368.44818
2012-07-25 14:00:00,369.25592
2012-07-25 15:00:00,352.74255
2012-07-25 16:00:00,376.04773
2012-07-25 17:00:00,342.0453
2012-07-25 18:00:00,370.23413
2012-07-25 19:00:00,354.48013
2012-07-25 20:00:00,346.5299
2012-07-25 21:00:00,328.33112
2012-07-25 22:00:00,277.46783
2012-07-25 23:00:00,304.40155
2012-07-26 00:00:00,248.05563
2012-07-26 01:00:00,253.63841
2012-07-26 02:00:00,245.08276
2012-07-26 03:00:00,239.57875
2012-07-26 04:00:00,216.99844
2012-07-26 05:00:00,216.99844
2012-07-26 06:00:00,206.85779
2012-07-26 07:00:00,246.52197
2012-07-26 08:00:00,254.96516
2012-07-26 09:00:00,253.5462
2012-07-26 10:00:00,269.89282
2012-07-26 11:00:00,328.9721
2012-07-26 12:00:00,379.39362
2012-07-26 13:00:00,404.3753
2012-07-26 14:00:00,415.388
2012-07-26 15:00:00,436.30652
2012-07-26 16:00:00,460.62054
2012-07-26 17:00:00,452.75732
2012-07-26 18:00:00,449.4555
2012-07-26 19:00:00,431.98624
2012-07-26 20:00:00,395.50616
2012-07-26 21:00:00,405.85803
2012-07-26 22:00:00,405.85803
2012-07-26 23:00:00,241.79884
2012-07-27 00:00:00,217.4461
2012-07-27 01:00:00,235.48538
2012-07-27 02:00:00,206.97235
2012-07-27 03:00:00,228.95218
2012-07-27 04:00:00,181.03432
2012-07-27 05:00:00,162.86697
2012-07-27 06:00:00,181.03432
2012-07-27 07:00:00,255.62762
2012-07-27 08:00:00,267.89273
2012-07-27 09:00:00,390.44403
2012-07-27 10:00:00,334.9374
2012-07-27 11:00:00,405.8902
2012-07-27 12:00:00,413.70786
2012-07-27 13:00:00,395.54962
2012-07-27 14:00:00,407.07953
2012-07-27 15:00:00,394.33487
2012-07-27 16:00:00,382.09464
2012-07-27 17:00:00,407.54797
2012-07-27 18:00:00,365.1895
2012-07-27 19:00:00,364.8828
2012-07-27 20:00:00,307.26505
2012-07-27 21:00:00,307.26505
2012-07-27 22:00:00,312.98553
2012-07-27 23:00:00,251.73604
2012-07-28 00:00:00,286.67944
2012-07-28 01:00:00,235.48755
2012-07-28 02:00:00,217.7583
2012-07-28 03:00:00,217.7583
2012-07-28 04:00:00,209.46414
2012-07-28 05:00:00,188.78532
2012-07-28 06:00:00,225.64255
2012-07-28 07:00:00,245.50995
2012-07-28 08:00:00,280.10928
2012-07-28 09:00:00,319.74036
2012-07-28 10:00:00,384.19818
2012-07-28 11:00:00,406.96262
2012-07-28 12:00:00,406.25977
2012-07-28 13:00:00,426.94827
2012-07-28 14:00:00,420.29825
2012-07-28 15:00:00,438.9016
2012-07-28 16:00:00,413.91168
2012-07-28 17:00:00,390.8937
2012-07-28 18:00:00,411.6947
2012-07-28 19:00:00,148.0943
2012-07-28 20:00:00,174.89911
2012-07-28 21:00:00,167.59232
2012-07-28 22:00:00,167.59232
2012-07-28 23:00:00,153.25436
2012-07-29 00:00:00,149.86345
2012-07-29 01:00:00,155.52184
2012-07-29 02:00:00,197.22986
2012-07-29 03:00:00,236.80832
2012-07-29 04:00:00,223.23224
2012-07-29 05:00:00,176.43314
2012-07-29 06:00:00,199.16742
2012-07-29 07:00:00,242.42903
2012-07-29 08:00:00,274.18073
2012-07-29 09:00:00,306.64386
2012-07-29 10:00:00,258.01965
2012-07-29 11:00:00,340.24365
2012-07-29 12:00:00,361.27777
2012-07-29 13:00:00,382.81265
2012-07-29 14:00:00,383.18307
2012-07-29 15:00:00,374.65656
2012-07-29 16:00:00,374.65656
2012-07-29 17:00:00,388.61118
2012-07-29 18:00:00,410.20233
2012-07-29 19:00:00,329.83655
2012-07-29 20:00:00,266.9273
2012-07-29 21:00:00,245.50995
2012-07-29 22:00:00,225.64255
2012-07-29 23:00:00,205.78256
2012-07-30 00:00:00,214.79572
2012-07-30 01:00:00,197.936
2012-07-30 02:00:00,187.63956
2012-07-30 03:00:00,149.98357
2012-07-30 04:00:00,149.98357
2012-07-30 05:00:00,164.10669
2012-07-30 06:00:00,173.7924
2012-07-30 07:00:00,199.86354
2012-07-30 08:00:00,239.19838
2012-07-30 09:00:00,241.08084
2012-07-30 10:00:00,292.90738
2012-07-30 11:00:00,333.2138
2012-07-30 12:00:00,311.01068
2012-07-30 13:00:00,355.3814
2012-07-30 14:00:00,368.75412
2012-07-30 15:00:00,375.38983
2012-07-30 16:00:00,381.26166
2012-07-30 17:00:00,350.41797
2012-07-30 18:00:00,362.40503
2012-07-30 19:00:00,358.8501
2012-07-30 20:00:00,262.25555
2012-07-30 21:00:00,255.62762
2012-07-30 22:00:00,250.5789
2012-07-30 23:00:00,234.23679
2012-07-31 00:00:00,195.53937
2012-07-31 01:00:00,169.30042
2012-07-31 02:00:00,169.30042
2012-07-31 03:00:00,161.64777
2012-07-31 04:00:00,161.64777
2012-07-31 05:00:00,173.7924
2012-07-31 06:00:00,155.5993
2012-07-31 07:00:00,194.15225
2012-07-31 08:00:00,206.97232
2012-07-31 09:00:00,235.48538
2012-07-31 10:00:00,234.23813
2012-07-31 11:00:00,278.987
2012-07-31 12:00:00,323.66962
2012-07-31 13:00:00,364.67035
2012-07-31 14:00:00,364.67035
2012-07-31 15:00:00,289.4987
2012-07-31 16:00:00,321.7752
2012-07-31 17:00:00,346.97864
2012-07-31 18:00:00,341.05304
2012-07-31 19:00:00,338.354
2012-07-31 20:00:00,267.91367
2012-07-31 21:00:00,204.93326
2012-07-31 22:00:00,234.12373
2012-07-31 23:00:00,185.1449
2012-08-20 00:00:00,158.62697
2012-08-20 01:00:00,158.36072
2012-08-20 02:00:00,158.36072
2012-08-20 03:00:00,142.08472
2012-08-20 04:00:00,156.35153
2012-08-20 05:00:00,145.1622
2012-08-20 06:00:00,182.98187
2012-08-20 07:00:00,190.05795
2012-08-20 08:00:00,205.22961
2012-08-20 09:00:00,209.7439
2012-08-20 10:00:00,221.67761
2012-08-20 11:00:00,230.68697
2012-08-20 12:00:00,262.70343
2012-08-20 13:00:00,277.46783
2012-08-20 14:00:00,305.87573
2012-08-20 15:00:00,323.0978
2012-08-20 16:00:00,323.0978
2012-08-20 17:00:00,305.828
2012-08-20 18:00:00,205.95589
2012-08-20 19:00:00,199.33394
2012-08-20 20:00:00,183.09235
2012-08-20 21:00:00,139.35863
2012-08-20 22:00:00,145.1622
2012-08-20 23:00:00,145.1622
2012-08-21 00:00:00,156.35153
2012-08-21 01:00:00,162.6081
2012-08-21 02:00:00,158.58737
2012-08-21 03:00:00,129.51819
2012-08-21 04:00:00,129.51819
2012-08-21 05:00:00,140.80264
2012-08-21 06:00:00,142.73178
2012-08-21 07:00:00,166.40785
2012-08-21 08:00:00,170.71191
2012-08-21 09:00:00,193.19344
2012-08-21 10:00:00,246.65991
2012-08-21 11:00:00,271.35083
2012-08-21 12:00:00,305.26898
2012-08-21 13:00:00,316.15155
2012-08-21 14:00:00,339.7775
2012-08-21 15:00:00,323.9896
2012-08-21 16:00:00,323.9896
2012-08-21 17:00:00,343.61578
2012-08-21 18:00:00,317.0161
2012-08-21 19:00:00,218.15742
2012-08-21 20:00:00,178.932
2012-08-21 21:00:00,178.932
2012-08-21 22:00:00,155.91391
2012-08-21 23:00:00,142.50229
2012-08-22 00:00:00,154.48102
2012-08-22 01:00:00,153.97865
2012-08-22 02:00:00,153.97865
2012-08-22 03:00:00,153.97865
2012-08-22 04:00:00,146.24205
2012-08-22 05:00:00,149.25592
2012-08-22 06:00:00,172.56195
2012-08-22 07:00:00,153.97865
2012-08-22 08:00:00,196.85242
2012-08-22 09:00:00,220.22763
2012-08-22 10:00:00,258.6872
2012-08-22 11:00:00,277.4131
2012-08-22 12:00:00,292.71677
2012-08-22 13:00:00,327.21066
2012-08-22 14:00:00,333.55157
2012-08-22 15:00:00,332.63446
2012-08-22 16:00:00,343.11035
2012-08-22 17:00:00,343.11035
2012-08-22 18:00:00,292.1753
2012-08-22 19:00:00,197.52585
2012-08-22 20:00:00,214.01978
2012-08-22 21:00:00,178.932
2012-08-22 22:00:00,178.932
2012-08-22 23:00:00,143.88644
2012-08-23 00:00:00,155.91391
2012-08-23 01:00:00,142.50229
2012-08-23 02:00:00,142.50229
2012-08-23 03:00:00,152.15775
2012-08-23 04:00:00,142.50229
2012-08-23 05:00:00,142.50229
2012-08-23 06:00:00,146.73685
2012-08-23 07:00:00,161.34319
2012-08-23 08:00:00,211.65314
2012-08-23 09:00:00,224.08484
2012-08-23 10:00:00,283.72107
2012-08-23 11:00:00,324.56235
2012-08-23 12:00:00,327.3991
2012-08-23 13:00:00,355.47766
2012-08-23 14:00:00,362.76147
2012-08-23 15:00:00,343.44696
2012-08-23 16:00:00,338.25763
2012-08-23 17:00:00,359.1163
2012-08-23 18:00:00,342.0957
2012-08-23 19:00:00,302.25867
2012-08-23 20:00:00,260.94983
2012-08-23 21:00:00,265.64832
2012-08-23 22:00:00,270.0478
2012-08-23 23:00:00,215.6879
2012-08-24 00:00:00,215.6879
2012-08-24 01:00:00,194.97266
2012-08-24 02:00:00,199.14713
2012-08-24 03:00:00,178.932
2012-08-24 04:00:00,194.97266
2012-08-24 05:00:00,155.91391
2012-08-24 06:00:00,149.96272
2012-08-24 07:00:00,170.97949
2012-08-24 08:00:00,197.52585
2012-08-24 09:00:00,278.97534
2012-08-24 10:00:00,325.37897
2012-08-24 11:00:00,339.4704
2012-08-24 12:00:00,342.88858
2012-08-24 13:00:00,361.2593
2012-08-24 14:00:00,341.95776
2012-08-24 15:00:00,344.07812
2012-08-24 16:00:00,344.07812
2012-08-24 17:00:00,342.2478
2012-08-24 18:00:00,294.23065
2012-08-24 19:00:00,302.7912
2012-08-24 20:00:00,276.91138
2012-08-24 21:00:00,284.31015
2012-08-24 22:00:00,260.00604
2012-08-24 23:00:00,233.63902
2012-08-25 00:00:00,266.0949
2012-08-25 01:00:00,221.31775
2012-08-25 02:00:00,204.11183
2012-08-25 03:00:00,210.71721
2012-08-25 04:00:00,228.06305
2012-08-25 05:00:00,211.96849
2012-08-25 06:00:00,186.72502
2012-08-25 07:00:00,191.38516
2012-08-25 08:00:00,228.81561
2012-08-25 09:00:00,265.42627
2012-08-25 10:00:00,296.8623
2012-08-25 11:00:00,320.75476
2012-08-25 12:00:00,372.17896
2012-08-25 13:00:00,373.40125
2012-08-25 14:00:00,280.97592
2012-08-25 15:00:00,227.20126
2012-08-25 16:00:00,230.9458
2012-08-25 17:00:00,232.80388
2012-08-25 18:00:00,262.28967
2012-08-25 19:00:00,197.5442
2012-08-25 20:00:00,180.08527
2012-08-25 21:00:00,173.3263
2012-08-25 22:00:00,173.3263
2012-08-25 23:00:00,170.62909
2012-08-26 00:00:00,155.3097
2012-08-26 01:00:00,152.65237
2012-08-26 02:00:00,159.47394
2012-08-26 03:00:00,160.76862
2012-08-26 04:00:00,158.51581
2012-08-26 05:00:00,152.65237
2012-08-26 06:00:00,154.95412
2012-08-26 07:00:00,152.65237
2012-08-26 08:00:00,210.30815
2012-08-26 09:00:00,208.4252
2012-08-26 10:00:00,313.53122
2012-08-26 11:00:00,313.57477
2012-08-26 12:00:00,284.7767
2012-08-26 13:00:00,223.17412
2012-08-26 14:00:00,142.34271
2012-08-26 15:00:00,168.61615
2012-08-26 16:00:00,168.61615
2012-08-26 17:00:00,153.86731
2012-08-26 18:00:00,147.25473
2012-08-26 19:00:00,156.95891
2012-08-26 20:00:00,150.38498
2012-08-26 21:00:00,152.94556
2012-08-26 22:00:00,138.11931
2012-08-26 23:00:00,145.89577
2012-08-27 00:00:00,142.50229
2012-08-27 01:00:00,143.88586
2012-08-27 02:00:00,149.2689
2012-08-27 03:00:00,143.88586
2012-08-27 04:00:00,142.50229
2012-08-27 05:00:00,136.82825
2012-08-27 06:00:00,136.82825
2012-08-27 07:00:00,149.98357
2012-08-27 08:00:00,161.64777
2012-08-27 09:00:00,164.10669
2012-08-27 10:00:00,233.19931
2012-08-27 11:00:00,279.04218
2012-08-27 12:00:00,263.09116
2012-08-27 13:00:00,314.15308
2012-08-27 14:00:00,338.75952
2012-08-27 15:00:00,367.78943
2012-08-27 16:00:00,358.5252
2012-08-27 17:00:00,370.40466
2012-08-27 18:00:00,353.09863
2012-08-27 19:00:00,269.89282
2012-08-27 20:00:00,263.44553
2012-08-27 21:00:00,246.1814
2012-08-27 22:00:00,197.29453
2012-08-27 23:00:00,192.16852
2012-08-28 00:00:00,208.05545
2012-08-28 01:00:00,172.48383
2012-08-28 02:00:00,199.06886
2012-08-28 03:00:00,155.2039
2012-08-28 04:00:00,169.30042
2012-08-28 05:00:00,174.86435
2012-08-28 06:00:00,158.24649
2012-08-28 07:00:00,177.37479
2012-08-28 08:00:00,173.67374
2012-08-28 09:00:00,223.77725
2012-08-28 10:00:00,300.90265
2012-08-28 11:00:00,346.66367
2012-08-28 12:00:00,381.26166
2012-08-28 13:00:00,395.99637
2012-08-28 14:00:00,411.2317
2012-08-28 15:00:00,404.87848
2012-08-28 16:00:00,410.54514
2012-08-28 17:00:00,415.98535
2012-08-28 18:00:00,377.58875
2012-08-28 19:00:00,340.81708
2012-08-28 20:00:00,315.62756
2012-08-28 21:00:00,312.84546
2012-08-28 22:00:00,271.35083
2012-08-28 23:00:00,252.3631
2012-08-29 00:00:00,199.14713
2012-08-29 01:00:00,217.85056
2012-08-29 02:00:00,198.22658
2012-08-29 03:00:00,193.39691
2012-08-29 04:00:00,209.66199
2012-08-29 05:00:00,204.76276
2012-08-29 06:00:00,204.76276
2012-08-29 07:00:00,222.0621
2012-08-29 08:00:00,256.8234
2012-08-29 09:00:00,314.90054
2012-08-29 10:00:00,327.1323
2012-08-29 11:00:00,305.26898
2012-08-29 12:00:00,321.4282
2012-08-29 13:00:00,314.7198
2012-08-29 14:00:00,337.74078
2012-08-29 15:00:00,359.77557
2012-08-29 16:00:00,349.19226
2012-08-29 17:00:00,375.77515
2012-08-29 18:00:00,345.8272
2012-08-29 19:00:00,303.52927
2012-08-29 20:00:00,252.3631
2012-08-29 21:00:00,275.20923
2012-08-29 22:00:00,258.06165
2012-08-29 23:00:00,245.72186
2012-08-30 00:00:00,193.19344
2012-08-30 01:00:00,207.87863
2012-08-30 02:00:00,172.56195
2012-08-30 03:00:00,172.56195
2012-08-30 04:00:00,172.56195
2012-08-30 05:00:00,172.56195
2012-08-30 06:00:00,158.36072
2012-08-30 07:00:00,178.932
2012-08-30 08:00:00,213.7775
2012-08-30 09:00:00,254.91724
2012-08-30 10:00:00,278.08923
2012-08-30 11:00:00,337.74078
2012-08-30 12:00:00,339.80673
2012-08-30 13:00:00,327.21066
2012-08-30 14:00:00,332.63446
2012-08-30 15:00:00,357.19104
2012-08-30 16:00:00,361.52072
2012-08-30 17:00:00,389.07504
2012-08-30 18:00:00,359.85016
2012-08-30 19:00:00,332.63446
2012-08-30 20:00:00,298.15552
2012-08-30 21:00:00,256.6603
2012-08-30 22:00:00,207.486
2012-08-30 23:00:00,217.74713
2012-08-31 00:00:00,184.29239
2012-08-31 01:00:00,184.29239
2012-08-31 02:00:00,155.2039
2012-08-31 03:00:00,151.32697
2012-08-31 04:00:00,151.7073
2012-08-31 05:00:00,155.5993
2012-08-31 06:00:00,162.18518
2012-08-31 07:00:00,152.78345
2012-08-31 08:00:00,213.15303
2012-08-31 09:00:00,224.86926
2012-08-31 10:00:00,279.9751
2012-08-31 11:00:00,417.36627
2012-08-31 12:00:00,406.20782
2012-08-31 13:00:00,418.67575
2012-08-31 14:00:00,405.12866
2012-08-31 15:00:00,422.5216
2012-08-31 16:00:00,416.51474
2012-08-31 17:00:00,393.91708
2012-08-31 18:00:00,402.8004
2012-08-31 19:00:00,348.68393
2012-08-31 20:00:00,348.68393
2012-08-31 21:00:00,315.77118
2012-08-31 22:00:00,315.77118
2012-08-31 23:00:00,270.90176
2012-09-20 00:00:00,168.6206
2012-09-20 01:00:00,139.62195
2012-09-20 02:00:00,137.06874
2012-09-20 03:00:00,119.11227
2012-09-20 04:00:00,128.18248
2012-09-20 05:00:00,128.18248
2012-09-20 06:00:00,119.11227
2012-09-20 07:00:00,127.00112
2012-09-20 08:00:00,164.62694
2012-09-20 09:00:00,213.0117
2012-09-20 10:00:00,246.59738
2012-09-20 11:00:00,293.24225
2012-09-20 12:00:00,311.3331
2012-09-20 13:00:00,310.4935
2012-09-20 14:00:00,311.11786
2012-09-20 15:00:00,314.23077
2012-09-20 16:00:00,305.3879
2012-09-20 17:00:00,305.29565
2012-09-20 18:00:00,281.8676
2012-09-20 19:00:00,241.13272
2012-09-20 20:00:00,206.43977
2012-09-20 21:00:00,216.2886
2012-09-20 22:00:00,160.2427
2012-09-20 23:00:00,181.21103
2012-09-21 00:00:00,160.91348
2012-09-21 01:00:00,140.29466
2012-09-21 02:00:00,140.29466
2012-09-21 03:00:00,136.74115
2012-09-21 04:00:00,128.3467
2012-09-21 05:00:00,124.517685
2012-09-21 06:00:00,136.74115
2012-09-21 07:00:00,131.49037
2012-09-21 08:00:00,165.1637
2012-09-21 09:00:00,198.85641
2012-09-21 10:00:00,257.21915
2012-09-21 11:00:00,282.3463
2012-09-21 12:00:00,278.36682
2012-09-21 13:00:00,298.3098
2012-09-21 14:00:00,324.299
2012-09-21 15:00:00,309.19293
2012-09-21 16:00:00,303.52927
2012-09-21 17:00:00,301.6402
2012-09-21 18:00:00,273.1438
2012-09-21 19:00:00,252.2525
2012-09-21 20:00:00,226.1425
2012-09-21 21:00:00,213.5043
2012-09-21 22:00:00,204.76276
2012-09-21 23:00:00,215.34209
2012-09-22 00:00:00,203.07402
2012-09-22 01:00:00,155.6377
2012-09-22 02:00:00,141.08383
2012-09-22 03:00:00,149.85052
2012-09-22 04:00:00,149.85052
2012-09-22 05:00:00,152.9301
2012-09-22 06:00:00,150.6788
2012-09-22 07:00:00,163.08472
2012-09-22 08:00:00,204.03496
2012-09-22 09:00:00,234.48117
2012-09-22 10:00:00,268.02222
2012-09-22 11:00:00,315.74597
2012-09-22 12:00:00,342.73804
2012-09-22 13:00:00,369.74396
2012-09-22 14:00:00,373.59634
2012-09-22 15:00:00,386.53693
2012-09-22 16:00:00,363.95145
2012-09-22 17:00:00,363.95145
2012-09-22 18:00:00,339.81204
2012-09-22 19:00:00,298.4413
2012-09-22 20:00:00,325.62827
2012-09-22 21:00:00,292.88336
2012-09-22 22:00:00,278.77225
2012-09-22 23:00:00,308.61206
2012-09-23 00:00:00,398.16525
2012-09-23 01:00:00,296.46323
2012-09-23 02:00:00,313.63397
2012-09-23 03:00:00,259.14038
2012-09-23 04:00:00,254.53835
2012-09-23 05:00:00,235.331
2012-09-23 06:00:00,212.09389
2012-09-23 07:00:00,236.19128
2012-09-23 08:00:00,256.4985
2012-09-23 09:00:00,283.07788
2012-09-23 10:00:00,333.99448
2012-09-23 11:00:00,337.03854
2012-09-23 12:00:00,331.67236
2012-09-23 13:00:00,380.81256
2012-09-23 14:00:00,384.7528
2012-09-23 15:00:00,401.41467
2012-09-23 16:00:00,423.95093
2012-09-23 17:00:00,382.39343
2012-09-23 18:00:00,356.5395
2012-09-23 19:00:00,329.74103
2012-09-23 20:00:00,329.74103
2012-09-23 21:00:00,317.2555
2012-09-23 22:00:00,289.79602
2012-09-23 23:00:00,262.56088
2012-09-24 00:00:00,229.232
2012-09-24 01:00:00,208.74951
2012-09-24 02:00:00,239.91635
2012-09-24 03:00:00,228.58273
2012-09-24 04:00:00,197.65858
2012-09-24 05:00:00,206.58765
2012-09-24 06:00:00,223.8739
2012-09-24 07:00:00,208.74951
2012-09-24 08:00:00,275.12836
2012-09-24 09:00:00,290.67285
2012-09-24 10:00:00,311.12085
2012-09-24 11:00:00,354.95905
2012-09-24 12:00:00,374.6701
2012-09-24 13:00:00,400.83527
2012-09-24 14:00:00,357.82333
2012-09-24 15:00:00,356.42346
2012-09-24 16:00:00,382.4673
2012-09-24 17:00:00,347.05823
2012-09-24 18:00:00,345.22223
2012-09-24 19:00:00,328.46115
2012-09-24 20:00:00,280.59402
2012-09-24 21:00:00,281.84827
2012-09-24 22:00:00,291.42426
2012-09-24 23:00:00,224.60255
2012-09-25 00:00:00,212.29282
2012-09-25 01:00:00,178.7656
2012-09-25 02:00:00,147.46579
2012-09-25 03:00:00,170.16681
2012-09-25 04:00:00,174.2281
2012-09-25 05:00:00,145.03044
2012-09-25 06:00:00,157.78807
2012-09-25 07:00:00,156.61026
2012-09-25 08:00:00,220.4403
2012-09-25 09:00:00,290.34274
2012-09-25 10:00:00,312.26343
2012-09-25 11:00:00,365.2318
2012-09-25 12:00:00,376.4111
2012-09-25 13:00:00,361.52716
2012-09-25 14:00:00,401.79422
2012-09-25 15:00:00,407.46414
2012-09-25 16:00:00,396.0877
2012-09-25 17:00:00,393.57562
2012-09-25 18:00:00,376.96393
2012-09-25 19:00:00,348.37015
2012-09-25 20:00:00,327.72107
2012-09-25 21:00:00,327.72107
2012-09-25 22:00:00,326.22977
2012-09-25 23:00:00,329.99194
2012-09-26 00:00:00,274.2919
2012-09-26 01:00:00,272.89545
2012-09-26 02:00:00,286.6565
2012-09-26 03:00:00,286.6565
2012-09-26 04:00:00,227.63185
2012-09-26 05:00:00,228.46167
2012-09-26 06:00:00,219.4797
2012-09-26 07:00:00,193.93753
2012-09-26 08:00:00,226.5477
2012-09-26 09:00:00,283.70825
2012-09-26 10:00:00,253.19739
2012-09-26 11:00:00,309.44214
2012-09-26 12:00:00,315.8251
2012-09-26 13:00:00,334.1522
2012-09-26 14:00:00,388.39734
2012-09-26 15:00:00,391.1888
2012-09-26 16:00:00,399.12204
2012-09-26 17:00:00,391.1888
2012-09-26 18:00:00,378.48502
2012-09-26 19:00:00,340.74713
2012-09-26 20:00:00,277.6994
2012-09-26 21:00:00,291.29633
2012-09-26 22:00:00,295.99527
2012-09-26 23:00:00,239.27145
2012-09-27 00:00:00,208.67474
2012-09-27 01:00:00,208.67474
2012-09-27 02:00:00,208.67474
2012-09-27 03:00:00,190.70851
2012-09-27 04:00:00,150.55151
2012-09-27 05:00:00,159.01407
2012-09-27 06:00:00,151.84267
2012-09-27 07:00:00,190.70853
2012-09-27 08:00:00,245.42651
2012-09-27 09:00:00,261.1598
2012-09-27 10:00:00,381.59583
2012-09-27 11:00:00,372.62625
2012-09-27 12:00:00,382.97742
2012-09-27 13:00:00,368.07153
2012-09-27 14:00:00,390.5808
2012-09-27 15:00:00,379.44666
2012-09-27 16:00:00,367.14655
2012-09-27 17:00:00,303.77808
2012-09-27 18:00:00,294.70795
2012-09-27 19:00:00,283.19775
2012-09-27 20:00:00,288.3493
2012-09-27 21:00:00,231.8685
2012-09-27 22:00:00,231.8685
2012-09-27 23:00:00,228.54959
2012-09-28 00:00:00,196.11826
2012-09-28 01:00:00,173.50735
2012-09-28 02:00:00,198.0214
2012-09-28 03:00:00,203.46388
2012-09-28 04:00:00,177.37714
2012-09-28 05:00:00,144.10236
2012-09-28 06:00:00,151.39862
2012-09-28 07:00:00,144.68257
2012-09-28 08:00:00,180.92923
2012-09-28 09:00:00,206.86673
2012-09-28 10:00:00,239.38611
2012-09-28 11:00:00,263.47113
2012-09-28 12:00:00,367.37305
2012-09-28 13:00:00,377.74777
2012-09-28 14:00:00,367.37305
2012-09-28 15:00:00,364.03
2012-09-28 16:00:00,364.59164
2012-09-28 17:00:00,358.65408
2012-09-28 18:00:00,361.30652
2012-09-28 19:00:00,376.83264
2012-09-28 20:00:00,352.2619
2012-09-28 21:00:00,356.3399
2012-09-28 22:00:00,324.48184
2012-09-28 23:00:00,303.30396
2012-09-29 00:00:00,267.71716
2012-09-29 01:00:00,267.71716
2012-09-29 02:00:00,301.7254
2012-09-29 03:00:00,278.5739
2012-09-29 04:00:00,262.00742
2012-09-29 05:00:00,237.17697
2012-09-29 06:00:00,235.45956
2012-09-29 07:00:00,206.81558
2012-09-29 08:00:00,211.35733
2012-09-29 09:00:00,237.17697
2012-09-29 10:00:00,284.2519
2012-09-29 11:00:00,311.74426
2012-09-29 12:00:00,396.89215
2012-09-29 13:00:00,396.89215
2012-09-29 14:00:00,388.53818
2012-09-29 15:00:00,378.3509
2012-09-29 16:00:00,388.3093
2012-09-29 17:00:00,413.66827
2012-09-29 18:00:00,331.56262
2012-09-29 19:00:00,277.58548
2012-09-29 20:00:00,280.20032
2012-09-29 21:00:00,274.65842
2012-09-29 22:00:00,230.10812
2012-09-29 23:00:00,244.8247
2012-09-30 00:00:00,230.55627
2012-09-30 01:00:00,230.55627
2012-09-30 02:00:00,205.09122
2012-09-30 03:00:00,194.12717
2012-09-30 04:00:00,194.12717
2012-09-30 05:00:00,146.17285
2012-09-30 06:00:00,161.39914
2012-09-30 07:00:00,132.30502
2012-09-30 08:00:00,203.5151
2012-09-30 09:00:00,236.69226
2012-09-30 10:00:00,334.9956
2012-09-30 11:00:00,373.04993
2012-09-30 12:00:00,396.89215
2012-09-30 13:00:00,388.3093
2012-09-30 14:00:00,388.3093
2012-09-30 15:00:00,407.90454
2012-09-30 16:00:00,401.90082
2012-09-30 17:00:00,413.61975
2012-09-30 18:00:00,254.78836
2012-09-30 19:00:00,222.97961
2012-09-30 20:00:00,222.97961
2012-09-30 21:00:00,187.92375
2012-09-30 22:00:00,160.73878
2012-09-30 23:00:00,176.76883
2012-10-20 00:00:00,139.80707
2012-10-20 01:00:00,173.81909
2012-10-20 02:00:00,143.82866
2012-10-20 03:00:00,139.54218
2012-10-20 04:00:00,146.17285
2012-10-20 05:00:00,120.28364
2012-10-20 06:00:00,143.93625
2012-10-20 07:00:00,120.28364
2012-10-20 08:00:00,199.6539
2012-10-20 09:00:00,250.01282
2012-10-20 10:00:00,288.0407
2012-10-20 11:00:00,303.20288
2012-10-20 12:00:00,321.36182
2012-10-20 13:00:00,338.9928
2012-10-20 14:00:00,333.50476
2012-10-20 15:00:00,322.63992
2012-10-20 16:00:00,347.78564
2012-10-20 17:00:00,360.28735
2012-10-20 18:00:00,347.6126
2012-10-20 19:00:00,309.27832
2012-10-20 20:00:00,340.87482
2012-10-20 21:00:00,291.9617
2012-10-20 22:00:00,260.46576
2012-10-20 23:00:00,208.2808
2012-10-21 00:00:00,254.22473
2012-10-21 01:00:00,222.66243
2012-10-21 02:00:00,196.09256
2012-10-21 03:00:00,166.87666
2012-10-21 04:00:00,131.88329
2012-10-21 05:00:00,166.87666
2012-10-21 06:00:00,181.81625
2012-10-21 07:00:00,181.81625
2012-10-21 08:00:00,164.1706
2012-10-21 09:00:00,256.66968
2012-10-21 10:00:00,300.70105
2012-10-21 11:00:00,326.48785
2012-10-21 12:00:00,357.77673
2012-10-21 13:00:00,370.06586
2012-10-21 14:00:00,368.68213
2012-10-21 15:00:00,385.64508
2012-10-21 16:00:00,360.28735
2012-10-21 17:00:00,350.4227
2012-10-21 18:00:00,343.8258
2012-10-21 19:00:00,323.52234
2012-10-21 20:00:00,311.91986
2012-10-21 21:00:00,245.34079
2012-10-21 22:00:00,226.396
2012-10-21 23:00:00,233.01654
2012-10-22 00:00:00,192.53152
2012-10-22 01:00:00,149.66483
2012-10-22 02:00:00,142.72943
2012-10-22 03:00:00,192.53152
2012-10-22 04:00:00,166.72797
2012-10-22 05:00:00,135.98364
2012-10-22 06:00:00,126.59101
2012-10-22 07:00:00,178.58032
2012-10-22 08:00:00,182.30008
2012-10-22 09:00:00,219.24503
2012-10-22 10:00:00,249.35144
2012-10-22 11:00:00,351.2516
2012-10-22 12:00:00,340.94077
2012-10-22 13:00:00,382.06696
2012-10-22 14:00:00,386.80902
2012-10-22 15:00:00,383.69534
2012-10-22 16:00:00,378.008
2012-10-22 17:00:00,368.653
2012-10-22 18:00:00,242.62029
2012-10-22 19:00:00,280.59402
2012-10-22 20:00:00,250.17398
2012-10-22 21:00:00,209.66623
2012-10-22 22:00:00,146.39398
2012-10-22 23:00:00,144.35641
2012-10-23 00:00:00,137.35077
2012-10-23 01:00:00,163.78143
2012-10-23 02:00:00,130.77713
2012-10-23 03:00:00,154.75096
2012-10-23 04:00:00,146.53806
2012-10-23 05:00:00,150.43893
2012-10-23 06:00:00,128.89177
2012-10-23 07:00:00,166.35767
2012-10-23 08:00:00,195.11635
2012-10-23 09:00:00,211.42459
2012-10-23 10:00:00,242.6725
2012-10-23 11:00:00,303.05307
2012-10-23 12:00:00,354.47852
2012-10-23 13:00:00,355.7129
2012-10-23 14:00:00,376.78766
2012-10-23 15:00:00,385.42047
2012-10-23 16:00:00,359.21375
2012-10-23 17:00:00,353.7027
2012-10-23 18:00:00,317.39526
2012-10-23 19:00:00,303.5557
2012-10-23 20:00:00,259.23453
2012-10-23 21:00:00,216.06274
2012-10-23 22:00:00,232.96512
2012-10-23 23:00:00,207.4146
2012-10-24 00:00:00,205.12912
2012-10-24 01:00:00,209.56541
2012-10-24 02:00:00,209.56543
2012-10-24 03:00:00,171.80974
2012-10-24 04:00:00,171.80972
2012-10-24 05:00:00,141.76485
2012-10-24 06:00:00,149.22696
2012-10-24 07:00:00,141.13147
2012-10-24 08:00:00,169.27414
2012-10-24 09:00:00,194.50563
2012-10-24 10:00:00,206.1485
2012-10-24 11:00:00,239.19736
2012-10-24 12:00:00,283.54233
2012-10-24 13:00:00,306.82346
2012-10-24 14:00:00,414.9668
2012-10-24 15:00:00,372.3694
2012-10-24 16:00:00,389.4541
2012-10-24 17:00:00,331.95306
2012-10-24 18:00:00,343.18738
2012-10-24 19:00:00,334.04126
2012-10-24 20:00:00,298.94592
2012-10-24 21:00:00,300.4599
2012-10-24 22:00:00,290.98746
2012-10-24 23:00:00,253.22168
2012-10-25 00:00:00,286.9947
2012-10-25 01:00:00,222.66501
2012-10-25 02:00:00,169.95377
2012-10-25 03:00:00,157.578
2012-10-25 04:00:00,153.95245
2012-10-25 05:00:00,158.89447
2012-10-25 06:00:00,160.29724
2012-10-25 07:00:00,160.29724
2012-10-25 08:00:00,175.22769
2012-10-25 09:00:00,175.6694
2012-10-25 10:00:00,180.9092
2012-10-25 11:00:00,176.52164
2012-10-25 12:00:00,206.95273
2012-10-25 13:00:00,190.4553
2012-10-25 14:00:00,237.84663
2012-10-25 15:00:00,275.25635
2012-10-25 16:00:00,257.23456
2012-10-25 17:00:00,257.23456
2012-10-25 18:00:00,168.96405
2012-10-25 19:00:00,172.81908
2012-10-25 20:00:00,157.578
2012-10-25 21:00:00,157.578
2012-10-25 22:00:00,173.64569
2012-10-25 23:00:00,180.90921
2012-10-26 00:00:00,188.04166
2012-10-26 01:00:00,151.89893
2012-10-26 02:00:00,153.95245
2012-10-26 03:00:00,158.89447
2012-10-26 04:00:00,158.89447
2012-10-26 05:00:00,153.95245
2012-10-26 06:00:00,151.89893
2012-10-26 07:00:00,153.95245
2012-10-26 08:00:00,163.48022
2012-10-26 09:00:00,163.48022
2012-10-26 10:00:00,158.9317
2012-10-26 11:00:00,214.1976
2012-10-26 12:00:00,246.60095
2012-10-26 13:00:00,258.75696
2012-10-26 14:00:00,290.98746
2012-10-26 15:00:00,300.4599
2012-10-26 16:00:00,242.74188
2012-10-26 17:00:00,226.65619
2012-10-26 18:00:00,210.56912
2012-10-26 19:00:00,183.96472
2012-10-26 20:00:00,183.96474
2012-10-26 21:00:00,207.60208
2012-10-26 22:00:00,173.85129
2012-10-26 23:00:00,163.54349
2012-10-27 00:00:00,138.95078
2012-10-27 01:00:00,145.49988
2012-10-27 02:00:00,148.72302
2012-10-27 03:00:00,140.6625
2012-10-27 04:00:00,147.28833
2012-10-27 05:00:00,162.11404
2012-10-27 06:00:00,162.11404
2012-10-27 07:00:00,146.15219
2012-10-27 08:00:00,173.11865
2012-10-27 09:00:00,173.11865
2012-10-27 10:00:00,206.32089
2012-10-27 11:00:00,257.35852
2012-10-27 12:00:00,339.33124
2012-10-27 13:00:00,378.3509
2012-10-27 14:00:00,366.44583
2012-10-27 15:00:00,285.83044
2012-10-27 16:00:00,268.83008
2012-10-27 17:00:00,268.83008
2012-10-27 18:00:00,268.83008
2012-10-27 19:00:00,213.9273
2012-10-27 20:00:00,213.9273
2012-10-27 21:00:00,213.9273
2012-10-27 22:00:00,213.30638
2012-10-27 23:00:00,231.50989
2012-10-28 00:00:00,244.54779
2012-10-28 01:00:00,203.83516
2012-10-28 02:00:00,222.77397
2012-10-28 03:00:00,244.91962
2012-10-28 04:00:00,244.46713
2012-10-28 05:00:00,245.59485
2012-10-28 06:00:00,261.44226
2012-10-28 07:00:00,262.6326
2012-10-28 08:00:00,227.9159
2012-10-28 09:00:00,271.2631
2012-10-28 10:00:00,274.92188
2012-10-28 11:00:00,291.51642
2012-10-28 12:00:00,231.16617
2012-10-28 13:00:00,248.04996
2012-10-28 14:00:00,252.74516
2012-10-28 15:00:00,229.44276
2012-10-28 16:00:00,218.85883
2012-10-28 17:00:00,171.27158
2012-10-28 18:00:00,133.50955
2012-10-28 19:00:00,133.56708
2012-10-28 20:00:00,134.40665
2012-10-28 21:00:00,149.1688
2012-10-28 22:00:00,147.43365
2012-10-28 23:00:00,133.56708
2012-10-29 00:00:00,152.44244
2012-10-30 13:00:00,117.116776
2012-10-30 14:00:00,117.116776
2012-10-30 15:00:00,109.93046
2012-10-30 16:00:00,109.93046
2012-10-30 17:00:00,108.352104
2012-10-30 18:00:00,107.913536
2012-10-30 19:00:00,236.84448
2012-10-30 20:00:00,109.350746
2012-10-30 21:00:00,104.21174
2012-10-30 22:00:00,103.3178
2012-10-30 23:00:00,103.3178
2012-10-31 00:00:00,110.95479
2012-10-31 01:00:00,110.84269
2012-10-31 02:00:00,109.1359
2012-10-31 03:00:00,110.95479
2012-10-31 04:00:00,102.23118
2012-10-31 05:00:00,109.1359
2012-10-31 06:00:00,104.187096
2012-10-31 07:00:00,102.73195
2012-10-31 08:00:00,110.336334
2012-10-31 09:00:00,120.47324
2012-10-31 10:00:00,140.60703
2012-10-31 11:00:00,172.12671
2012-10-31 12:00:00,224.73547
2012-10-31 13:00:00,266.8725
2012-10-31 14:00:00,280.09204
2012-10-31 15:00:00,251.62538
2012-10-31 16:00:00,262.74872
2012-10-31 17:00:00,240.34563
2012-10-31 18:00:00,240.34563
2012-10-31 19:00:00,274.20923
2012-10-31 20:00:00,274.20923
2012-10-31 21:00:00,274.20923
2012-10-31 22:00:00,205.5054
2012-10-31 23:00:00,208.21013
2012-11-20 00:00:00,132.10237
2012-11-20 01:00:00,157.45482
2012-11-20 02:00:00,123.47891
2012-11-20 03:00:00,147.10675
2012-11-20 04:00:00,163.96323
2012-11-20 05:00:00,165.34615
2012-11-20 06:00:00,142.85495
2012-11-20 07:00:00,117.20727
2012-11-20 08:00:00,132.20895
2012-11-20 09:00:00,152.27551
2012-11-20 10:00:00,201.25272
2012-11-20 11:00:00,203.7012
2012-11-20 12:00:00,193.36783
2012-11-20 13:00:00,238.82555
2012-11-20 14:00:00,250.39366
2012-11-20 15:00:00,268.99936
2012-11-20 16:00:00,225.78322
2012-11-20 17:00:00,176.5652
2012-11-20 18:00:00,201.25272
2012-11-20 19:00:00,166.57484
2012-11-20 20:00:00,138.96928
2012-11-20 21:00:00,136.64807
2012-11-20 22:00:00,136.64807
2012-11-20 23:00:00,109.65327
2012-11-21 00:00:00,115.565704
2012-11-21 01:00:00,109.65327
2012-11-21 02:00:00,96.049126
2012-11-21 03:00:00,96.049126
2012-11-21 04:00:00,96.049126
2012-11-21 05:00:00,96.049126
2012-11-21 06:00:00,97.76942
2012-11-21 07:00:00,95.134766
2012-11-21 08:00:00,107.03571
2012-11-21 09:00:00,117.20725
2012-11-21 10:00:00,179.05638
2012-11-21 11:00:00,260.90726
2012-11-21 12:00:00,304.27646
2012-11-21 13:00:00,328.59784
2012-11-21 14:00:00,337.26785
2012-11-21 15:00:00,315.02518
2012-11-21 16:00:00,323.8976
2012-11-21 17:00:00,292.15735
2012-11-21 18:00:00,297.91913
2012-11-21 19:00:00,280.7749
2012-11-21 20:00:00,182.75168
2012-11-21 21:00:00,230.52765
2012-11-21 22:00:00,228.81943
2012-11-21 23:00:00,170.27258
2012-11-22 00:00:00,142.0274
2012-11-22 01:00:00,129.94254
2012-11-22 02:00:00,96.68406
2012-11-22 03:00:00,96.87574
2012-11-22 04:00:00,88.104385
2012-11-22 05:00:00,96.87574
2012-11-22 06:00:00,109.282814
2012-11-22 07:00:00,92.560936
2012-11-22 08:00:00,95.641136
2012-11-22 09:00:00,141.15494
2012-11-22 10:00:00,210.00703
2012-11-22 11:00:00,308.17572
2012-11-22 12:00:00,328.73648
2012-11-22 13:00:00,347.60983
2012-11-22 14:00:00,360.10443
2012-11-22 15:00:00,360.10443
2012-11-22 16:00:00,341.17963
2012-11-22 17:00:00,328.73648
2012-11-22 18:00:00,286.5031
2012-11-22 19:00:00,125.28917
2012-11-22 20:00:00,130.93686
2012-11-22 21:00:00,178.54388
2012-11-22 22:00:00,169.51201
2012-11-22 23:00:00,123.76073
2012-11-23 00:00:00,136.72357
2012-11-23 01:00:00,101.69533
2012-11-23 02:00:00,105.15043
2012-11-23 03:00:00,114.69492
2012-11-23 04:00:00,99.88372
2012-11-23 05:00:00,99.5176
2012-11-23 06:00:00,99.5176
2012-11-23 07:00:00,99.5176
2012-11-23 08:00:00,91.86238
2012-11-23 09:00:00,106.95975
2012-11-23 10:00:00,175.4061
2012-11-23 11:00:00,260.90726
2012-11-23 12:00:00,321.19333
2012-11-23 13:00:00,328.14703
2012-11-23 14:00:00,347.79358
2012-11-23 15:00:00,323.76453
2012-11-23 16:00:00,321.47778
2012-11-23 17:00:00,326.55414
2012-11-23 18:00:00,293.79236
2012-11-23 19:00:00,301.22064
2012-11-23 20:00:00,298.17725
2012-11-23 21:00:00,292.8449
2012-11-23 22:00:00,268.68402
2012-11-23 23:00:00,275.52338
2012-11-24 00:00:00,274.096
2012-11-24 01:00:00,185.98505
2012-11-24 02:00:00,151.50668
2012-11-24 03:00:00,194.19443
2012-11-24 04:00:00,158.68588
2012-11-24 05:00:00,187.62253
2012-11-24 06:00:00,175.46625
2012-11-24 07:00:00,194.86725
2012-11-24 08:00:00,154.82596
2012-11-24 09:00:00,164.78172
2012-11-24 10:00:00,192.4907
2012-11-24 11:00:00,218.87912
2012-11-24 12:00:00,146.41293
2012-11-24 13:00:00,242.79265
2012-11-24 14:00:00,208.53903
2012-11-24 15:00:00,192.21901
2012-11-24 16:00:00,177.3515
2012-11-24 17:00:00,173.17203
2012-11-24 18:00:00,181.14905
2012-11-24 19:00:00,207.81067
2012-11-24 20:00:00,175.46626
2012-11-24 21:00:00,190.72385
2012-11-24 22:00:00,184.557
2012-11-24 23:00:00,190.72385
2012-11-25 00:00:00,161.25002
2012-11-25 01:00:00,185.44223
2012-11-25 02:00:00,151.09352
2012-11-25 03:00:00,207.77194
2012-11-25 04:00:00,207.77194
2012-11-25 05:00:00,187.2421
2012-11-25 06:00:00,197.70853
2012-11-25 07:00:00,176.34131
2012-11-25 08:00:00,163.81743
2012-11-25 09:00:00,182.32721
2012-11-25 10:00:00,166.87
2012-11-25 11:00:00,229.79391
2012-11-25 12:00:00,229.79391
2012-11-25 13:00:00,236.62955
2012-11-25 14:00:00,240.09413
2012-11-25 15:00:00,225.37067
2012-11-25 16:00:00,241.79579
2012-11-25 17:00:00,230.5051
2012-11-25 18:00:00,207.12732
2012-11-25 19:00:00,234.69753
2012-11-25 20:00:00,133.64696
2012-11-25 21:00:00,202.09048
2012-11-25 22:00:00,133.64696
2012-11-25 23:00:00,99.196526
2012-11-26 00:00:00,109.14919
2012-11-26 01:00:00,105.229225
2012-11-26 02:00:00,105.229225
2012-11-26 03:00:00,105.229225
2012-11-26 04:00:00,109.14919
2012-11-26 05:00:00,102.816
2012-11-26 06:00:00,109.14919
2012-11-26 07:00:00,124.4712
2012-11-26 08:00:00,124.4712
2012-11-26 09:00:00,182.42584
2012-11-26 10:00:00,223.11417
2012-11-26 11:00:00,303.91553
2012-11-26 12:00:00,307.93518
2012-11-26 13:00:00,307.93518
2012-11-26 14:00:00,296.8498
2012-11-26 15:00:00,306.2067
2012-11-26 16:00:00,318.94263
2012-11-26 17:00:00,306.9024
2012-11-26 18:00:00,236.82866
2012-11-26 19:00:00,213.11838
2012-11-26 20:00:00,228.81943
2012-11-26 21:00:00,228.81943
2012-11-26 22:00:00,170.27255
2012-11-26 23:00:00,162.30524
2012-11-27 00:00:00,163.49379
2012-11-27 01:00:00,142.79791
2012-11-27 02:00:00,138.93192
2012-11-27 03:00:00,155.72995
2012-11-27 04:00:00,115.79517
2012-11-27 05:00:00,110.730774
2012-11-27 06:00:00,110.07322
2012-11-27 07:00:00,115.94755
2012-11-27 08:00:00,121.8451
2012-11-27 09:00:00,116.122475
2012-11-27 10:00:00,122.78112
2012-11-27 11:00:00,110.00874
2012-11-27 12:00:00,104.72721
2012-11-27 13:00:00,106.2474
2012-11-27 14:00:00,105.46558
2012-11-27 15:00:00,120.64981
2012-11-27 16:00:00,120.64981
2012-11-27 17:00:00,119.85175
2012-11-27 18:00:00,97.176796
2012-11-27 19:00:00,111.81985
2012-11-27 20:00:00,105.184654
2012-11-27 21:00:00,92.80654
2012-11-27 22:00:00,93.03042
2012-11-27 23:00:00,102.28378
2012-11-28 00:00:00,110.53499
2012-11-28 01:00:00,111.04605
2012-11-28 02:00:00,111.04605
2012-11-28 03:00:00,118.5975
2012-11-28 04:00:00,117.814674
2012-11-28 05:00:00,119.35732
2012-11-28 06:00:00,132.03293
2012-11-28 07:00:00,169.5564
2012-11-28 08:00:00,126.488495
2012-11-28 09:00:00,185.49295
2012-11-28 10:00:00,224.0015
2012-11-28 11:00:00,242.15085
2012-11-28 12:00:00,221.34845
2012-11-28 13:00:00,260.58582
2012-11-28 14:00:00,263.97333
2012-11-28 15:00:00,281.4735
2012-11-28 16:00:00,311.1703
2012-11-28 17:00:00,294.59995
2012-11-28 18:00:00,272.59766
2012-11-28 19:00:00,277.70346
2012-11-28 20:00:00,277.52612
2012-11-28 21:00:00,258.62003
2012-11-28 22:00:00,219.60287
2012-11-28 23:00:00,204.28427
2012-11-29 00:00:00,158.20221
2012-11-29 01:00:00,116.93899
2012-11-29 02:00:00,122.439384
2012-11-29 04:00:00,93.55645
2012-11-29 05:00:00,105.229225
2012-11-29 06:00:00,109.14919
2012-11-29 07:00:00,116.92254
2012-11-29 08:00:00,99.93908
2012-11-29 09:00:00,146.76207
2012-11-29 10:00:00,135.88806
2012-11-29 11:00:00,284.23798
2012-11-29 12:00:00,276.5107
2012-11-29 13:00:00,309.4301
2012-11-29 14:00:00,262.24133
2012-11-29 15:00:00,253.0777
2012-11-29 16:00:00,273.67004
2012-11-29 17:00:00,272.02838
2012-11-29 18:00:00,223.31183
2012-11-29 19:00:00,194.54543
2012-11-29 20:00:00,199.84106
2012-11-29 21:00:00,123.83425
2012-11-29 22:00:00,112.79629
2012-11-29 23:00:00,155.82198
2012-11-30 00:00:00,109.76255
2012-11-30 01:00:00,105.78472
2012-11-30 02:00:00,105.363075
2012-11-30 03:00:00,105.363075
2012-11-30 04:00:00,101.53411
2012-11-30 05:00:00,94.262115
2012-11-30 06:00:00,92.1473
2012-11-30 07:00:00,97.15333
2012-11-30 08:00:00,98.222084
2012-11-30 09:00:00,99.7818
2012-11-30 10:00:00,159.94794
2012-11-30 11:00:00,234.52847
2012-11-30 12:00:00,266.13647
2012-11-30 13:00:00,307.02417
2012-11-30 14:00:00,300.37762
2012-11-30 15:00:00,313.19293
2012-11-30 16:00:00,280.54068
2012-11-30 17:00:00,233.9943
2012-11-30 18:00:00,194.97342
2012-11-30 19:00:00,145.80168
2012-11-30 20:00:00,145.80168
2012-11-30 21:00:00,114.14208
2012-11-30 22:00:00,114.97344
2012-11-30 23:00:00,120.33434
2012-12-20 00:00:00,171.9639
2012-12-20 01:00:00,145.80168
2012-12-20 02:00:00,145.80168
2012-12-20 03:00:00,134.88165
2012-12-20 04:00:00,134.88165
2012-12-20 05:00:00,134.73923
2012-12-20 06:00:00,159.94794
2012-12-20 07:00:00,136.46399
2012-12-20 08:00:00,136.46399
2012-12-20 09:00:00,136.46399
2012-12-20 10:00:00,158.15579
2012-12-20 11:00:00,201.55376
2012-12-20 12:00:00,237.39517
2012-12-20 13:00:00,215.87311
2012-12-20 14:00:00,234.67026
2012-12-20 15:00:00,206.68045
2012-12-20 16:00:00,206.47194
2012-12-20 17:00:00,163.96323
2012-12-20 18:00:00,143.33298
2012-12-20 19:00:00,152.18457
2012-12-20 20:00:00,137.57068
2012-12-20 21:00:00,137.57068
2012-12-20 22:00:00,117.75652
2012-12-20 23:00:00,150.79193
2012-12-21 00:00:00,97.39773
2012-12-21 01:00:00,103.07554
2012-12-21 02:00:00,101.699326
2012-12-21 03:00:00,101.699326
2012-12-21 04:00:00,81.5628
2012-12-21 05:00:00,78.524216
2012-12-21 06:00:00,79.738815
2012-12-21 07:00:00,97.719795
2012-12-21 08:00:00,97.47378
2012-12-21 09:00:00,85.303566
2012-12-21 10:00:00,100.06406
2012-12-21 11:00:00,104.77761
2012-12-21 12:00:00,118.614204
2012-12-21 13:00:00,112.04264
2012-12-21 14:00:00,108.6292
2012-12-21 15:00:00,99.2141
2012-12-21 16:00:00,112.380714
2012-12-21 17:00:00,74.093094
2012-12-21 18:00:00,76.53541
2012-12-21 19:00:00,93.80456
2012-12-21 20:00:00,107.82726
2012-12-21 21:00:00,79.74816
2012-12-21 22:00:00,84.96171
2012-12-21 23:00:00,89.765236
2012-12-22 00:00:00,63.979153
2012-12-22 01:00:00,68.7086
2012-12-22 02:00:00,66.5044
2012-12-22 03:00:00,66.25884
2012-12-22 04:00:00,82.305916
2012-12-22 05:00:00,70.026634
2012-12-22 06:00:00,73.37057
2012-12-22 07:00:00,73.37057
2012-12-22 08:00:00,61.35132
2012-12-22 09:00:00,71.26872
2012-12-22 10:00:00,74.74755
2012-12-22 11:00:00,90.476974
2012-12-22 12:00:00,66.39222
2012-12-22 13:00:00,108.98208
2012-12-22 14:00:00,106.20244
2012-12-22 15:00:00,77.25428
2012-12-22 16:00:00,94.07051
2012-12-22 17:00:00,94.60789
2012-12-22 18:00:00,68.13944
2012-12-22 19:00:00,67.61797
2012-12-22 20:00:00,75.892204
2012-12-22 21:00:00,66.77308
2012-12-22 22:00:00,66.77308
2012-12-22 23:00:00,68.55501
2012-12-23 00:00:00,70.14472
2012-12-23 01:00:00,74.152306
2012-12-23 02:00:00,63.3929
2012-12-23 03:00:00,62.88269
2012-12-23 04:00:00,66.28095
2012-12-23 05:00:00,68.93894
2012-12-23 06:00:00,58.249084
2012-12-23 07:00:00,58.249084
2012-12-23 08:00:00,54.934174
2012-12-23 09:00:00,62.330658
2012-12-23 10:00:00,61.634052
2012-12-23 11:00:00,68.70539
2012-12-23 12:00:00,102.65072
2012-12-23 13:00:00,123.20017
2012-12-23 14:00:00,150.42621
2012-12-23 15:00:00,153.85349
2012-12-23 16:00:00,158.85062
2012-12-23 17:00:00,99.52211
2012-12-23 18:00:00,98.17358
2012-12-23 19:00:00,91.54205
2012-12-23 20:00:00,72.456116
2012-12-23 21:00:00,69.49958
2012-12-23 22:00:00,66.15898
2012-12-23 23:00:00,71.23307
2012-12-24 00:00:00,74.02393
2012-12-24 01:00:00,74.02394
2012-12-24 02:00:00,71.72825
2012-12-24 03:00:00,71.72825
2012-12-24 05:00:00,63.61973
2012-12-24 06:00:00,71.72825
2012-12-24 07:00:00,72.18575
2012-12-24 08:00:00,74.02394
2012-12-24 09:00:00,74.46393
2012-12-24 10:00:00,80.77058
2012-12-24 11:00:00,77.508835
2012-12-24 12:00:00,91.07278
2012-12-24 13:00:00,75.29787
2012-12-24 14:00:00,74.80135
2012-12-24 15:00:00,71.30077
2012-12-24 16:00:00,71.30077
2012-12-24 17:00:00,72.55999
2012-12-24 18:00:00,74.57053
2012-12-24 19:00:00,70.66253
2012-12-24 20:00:00,72.91909
2012-12-24 21:00:00,74.839836
2012-12-24 22:00:00,76.70064
2012-12-24 23:00:00,79.07344
2012-12-25 00:00:00,68.44991
2012-12-25 01:00:00,66.134514
2012-12-25 02:00:00,66.134514
2012-12-25 04:00:00,66.388885
2012-12-25 05:00:00,62.534195
2012-12-25 06:00:00,62.534195
2012-12-25 07:00:00,62.17069
2012-12-25 08:00:00,70.250404
2012-12-25 09:00:00,67.90313
2012-12-25 10:00:00,71.9938
2012-12-25 11:00:00,71.602745
2012-12-25 12:00:00,73.5934
2012-12-25 13:00:00,144.20935
2012-12-25 14:00:00,148.03012
2012-12-25 15:00:00,111.79583
2012-12-25 16:00:00,115.5487
2012-12-25 17:00:00,94.01679
2012-12-25 18:00:00,81.940956
2012-12-25 19:00:00,81.05135
2012-12-25 20:00:00,82.01306
2012-12-25 21:00:00,76.79473
2012-12-25 22:00:00,74.690956
2012-12-25 23:00:00,74.14045
2012-12-26 00:00:00,78.90989
2012-12-26 01:00:00,69.88564
2012-12-26 02:00:00,69.88564
2012-12-26 03:00:00,63.05477
2012-12-26 04:00:00,58.985985
2012-12-26 05:00:00,64.42506
2012-12-26 06:00:00,67.648186
2012-12-26 07:00:00,59.574432
2012-12-26 08:00:00,59.574432
2012-12-26 09:00:00,59.574432
2012-12-26 10:00:00,61.93811
2012-12-26 11:00:00,47.402138
2012-12-26 12:00:00,62.116608
2012-12-26 13:00:00,62.116608
2012-12-26 14:00:00,68.456795
2012-12-26 15:00:00,65.05985
2012-12-26 16:00:00,65.05985
2012-12-26 17:00:00,65.217
2012-12-26 18:00:00,72.99397
2012-12-26 19:00:00,78.32514
2012-12-26 20:00:00,79.0308
2012-12-26 21:00:00,73.167336
2012-12-26 22:00:00,54.778748
2012-12-26 23:00:00,69.19417
2012-12-27 00:00:00,69.19417
2012-12-27 01:00:00,54.778748
2012-12-27 02:00:00,53.24552
2012-12-27 03:00:00,68.75483
2012-12-27 04:00:00,63.279346
2012-12-27 05:00:00,68.977455
2012-12-27 06:00:00,53.135784
2012-12-27 07:00:00,67.41746
2012-12-27 08:00:00,67.153824
2012-12-27 09:00:00,61.46925
2012-12-27 10:00:00,66.65542
2012-12-27 11:00:00,71.40092
2012-12-27 12:00:00,84.56637
2012-12-27 13:00:00,84.56637
2012-12-27 14:00:00,62.86945
2012-12-27 15:00:00,65.12333
2012-12-27 16:00:00,83.841484
2012-12-27 17:00:00,83.841484
2012-12-27 18:00:00,71.95235
2012-12-27 19:00:00,67.03928
2012-12-27 20:00:00,70.76416
2012-12-27 21:00:00,71.95235
2012-12-27 22:00:00,69.5015
2012-12-27 23:00:00,71.95235
2012-12-28 00:00:00,74.10011
2012-12-28 01:00:00,68.9971
2012-12-28 02:00:00,69.6069
2012-12-28 03:00:00,74.10011
2012-12-28 04:00:00,75.95605
2012-12-28 05:00:00,76.030815
2012-12-28 06:00:00,63.779297
2012-12-28 07:00:00,68.01345
2012-12-28 08:00:00,74.05373
2012-12-28 09:00:00,69.5015
2012-12-28 10:00:00,80.22222
2012-12-28 11:00:00,93.50626
2012-12-28 12:00:00,101.14657
2012-12-28 13:00:00,101.14657
2012-12-28 14:00:00,101.14657
2012-12-28 15:00:00,94.36808
2012-12-28 16:00:00,96.40604
2012-12-28 17:00:00,71.025665
2012-12-28 18:00:00,71.025665
2012-12-28 19:00:00,70.58526
2012-12-28 20:00:00,74.46393
2012-12-28 21:00:00,72.2862
2012-12-28 22:00:00,74.0602
2012-12-28 23:00:00,74.64161
2012-12-29 00:00:00,68.32268
2012-12-29 01:00:00,66.19222
2012-12-29 02:00:00,68.32268
2012-12-29 03:00:00,67.93086
2012-12-29 04:00:00,66.19222
2012-12-29 05:00:00,66.19222
2012-12-29 06:00:00,67.478134
2012-12-29 07:00:00,66.992546
2012-12-29 08:00:00,68.48345
2012-12-29 09:00:00,68.48346
2012-12-29 10:00:00,68.906494
2012-12-29 11:00:00,66.50945
2012-12-29 12:00:00,68.48881
2012-12-29 13:00:00,68.48881
2012-12-29 14:00:00,65.58488
2012-12-29 15:00:00,67.14587
2012-12-29 16:00:00,66.16512
2012-12-29 17:00:00,64.06911
2012-12-29 18:00:00,65.451225
2012-12-29 19:00:00,73.67963
2012-12-29 20:00:00,67.82886
2012-12-29 21:00:00,67.71469
2012-12-29 22:00:00,65.00982
2012-12-29 23:00:00,71.37823
2012-12-30 00:00:00,71.042336
2012-12-30 01:00:00,65.7975
2012-12-30 02:00:00,73.43182
2012-12-30 03:00:00,65.7975
2012-12-30 04:00:00,77.46764
2012-12-30 05:00:00,77.893074
2012-12-30 06:00:00,61.527664
2012-12-30 07:00:00,63.45124
2012-12-30 08:00:00,59.801758
2012-12-30 09:00:00,64.35922
2012-12-30 10:00:00,63.064697
2012-12-30 11:00:00,76.48078
2012-12-30 12:00:00,66.552895
2012-12-30 13:00:00,66.39222
2012-12-30 14:00:00,97.26789
2012-12-30 15:00:00,97.75851
2012-12-30 16:00:00,85.97205
2012-12-30 17:00:00,82.32682
2012-12-30 18:00:00,75.87971
2012-12-30 19:00:00,83.59795
2012-12-30 20:00:00,64.68466
2012-12-30 21:00:00,63.3929
2012-12-30 22:00:00,59.779503
2012-12-30 23:00:00,63.00917
2012-12-31 00:00:00,63.094166
2012-12-31 01:00:00,63.094166
2012-12-31 02:00:00,61.51964
2012-12-31 03:00:00,63.45129
2012-12-31 04:00:00,61.027184
2012-12-31 05:00:00,59.651844
2012-12-31 06:00:00,61.15579
2012-12-31 07:00:00,62.629345
2012-12-31 08:00:00,59.35652
2012-12-31 09:00:00,68.55745
2012-12-31 10:00:00,68.45715
2012-12-31 11:00:00,70.960815
2012-12-31 12:00:00,75.601715
2012-12-31 13:00:00,97.67868
2012-12-31 14:00:00,103.93437
2012-12-31 15:00:00,103.55842
2012-12-31 16:00:00,92.823555
2012-12-31 17:00:00,95.35003
2012-12-31 18:00:00,93.20333
2012-12-31 19:00:00,77.508835
2012-12-31 20:00:00,77.508835
2012-12-31 21:00:00,73.83457
2012-12-31 22:00:00,79.40012
2012-12-31 23:00:00,73.5214
